species,leaf area: not yet curated,leaf area: public,leaf area: restricted,leaf phenology: not yet curated,leaf phenology: public,leaf phenology: restricted,wood vessel anatomy: not yet curated,wood vessel anatomy: public,leaf wettability / water storage: any status
Platanus × acerifolia,0,0,17,0,15,2,0,7,0
Celtis australis,2,12,3,1,11,2,3,5,0
Melia azedarach,0,15,5,0,17,3,0,5,0
Pyrus calleryana,0,0,0,0,9,1,0,0,0
Jacaranda mimosifolia,0,0,0,0,3,0,0,2,0
Tipuana tipu,0,0,0,0,55,0,0,0,0
Brachychiton populneus,0,27,28,0,44,7,0,0,0
Citrus × aurantium,1,1,4,1,112,2,0,6,0
Robinia pseudoacacia,3,49,34,2,132,2,3,8,0
Catalpa bignonioides,1,0,18,0,14,1,3,1,0
Grevillea robusta,0,50,0,0,9,4,0,0,0
Casuarina cunninghamiana,1,3,1,1,8,7,0,0,0
Populus nigra,1,12,30,0,73,1,3,8,0
Celtis sinensis,0,27,0,0,35,2,0,0,0
Gleditsia triacanthos,1,7,1,0,29,11,3,5,0
Handroanthus heptaphyllus,0,0,13,0,0,0,0,0,0
Fraxinus angustifolia,0,6,2,0,38,1,0,4,0
Populus alba,1,24,1,0,131,1,3,2,0
Ligustrum lucidum,0,31,2,0,30,1,0,5,0
Morus alba,2,47,0,2,57,1,0,12,0
Styphnolobium japonicum,0,0,19,0,13,0,0,7,0
