species,AccSpeciesID,try_name
Platanus × acerifolia,252869,Platanus x hispanica
Celtis australis,11471,Celtis australis
Melia azedarach,36047,Melia azedarach
Pyrus calleryana,45230,Pyrus calleryana
Jacaranda mimosifolia,31268,Jacaranda mimosifolia
Tipuana tipu,54409,Tipuana tipu
Brachychiton populneus,8095,Brachychiton populneus
Citrus × aurantium,214791,Citrus x aurantium
Robinia pseudoacacia,46621,Robinia pseudoacacia
Catalpa bignonioides,11183,Catalpa bignonioides
Grevillea robusta,26935,Grevillea robusta
Casuarina cunninghamiana,11162,Casuarina cunninghamiana
Populus nigra,43519,Populus nigra
Celtis sinensis,11507,Celtis sinensis
Gleditsia triacanthos,26351,Gleditsia triacanthos
Handroanthus heptaphyllus,232530,Handroanthus heptaphyllus
Fraxinus angustifolia,25240,Fraxinus angustifolia
Populus alba,43493,Populus alba
Ligustrum lucidum,33423,Ligustrum lucidum
Morus alba,37299,Morus alba
Styphnolobium japonicum,52226,Styphnolobium japonicum
