tree,species,LAI,PAI,n_events,P_total,interception_pct,S_fit_mm,s_per_LAI,s_per_PAI,rmse_mm,bias_mm
GTS_T1,Acer platanoides,3.14,3.87,11,73.3,75.8,10.86,3.457,2.805,1.86,1.19
GTS_T2,Acer platanoides,3.94,4.65,23,150.1,54.6,5.96,1.513,1.282,2.65,0.46
HHS_T1,Tilia cordata,3.73,4.51,31,231.2,62.4,6.79,1.82,1.505,1.85,0.28
HHS_T2,Tilia cordata,3.15,4.01,15,100.0,69.0,5.92,1.879,1.476,2.11,0.15
IVM_T1,Tilia cordata,4.81,5.8,23,174.9,65.5,7.87,1.635,1.356,1.6,0.52
IVM_T2,Tilia cordata,4.89,5.79,13,89.3,64.0,6.88,1.406,1.188,1.83,0.08
JCS_T1,Tilia cordata,3.94,4.77,20,98.7,77.8,7.56,1.918,1.585,1.37,0.44
JCS_T2,Tilia cordata,3.53,4.22,25,162.3,69.0,6.74,1.909,1.597,1.4,0.15
SMS_T1,Tilia cordata,2.83,3.67,35,272.4,51.6,5.38,1.901,1.466,2.05,0.14
SMS_T2,Tilia cordata,3.5,4.3,33,244.0,58.4,6.15,1.757,1.43,1.87,0.12
SWB_T1,Acer platanoides,2.57,3.27,18,121.0,41.8,4.27,1.662,1.306,1.49,0.56
SWB_T2,Acer platanoides,2.55,3.42,21,182.8,38.0,4.46,1.747,1.303,3.24,0.59
TUF_T1,Acer platanoides,1.39,1.88,24,135.0,54.5,5.35,3.852,2.848,1.1,0.42
TUF_T2,Acer platanoides,4.0,4.86,30,240.4,47.0,6.12,1.529,1.258,2.01,0.27
URS_T1,Acer platanoides,3.59,4.11,26,137.9,56.8,4.6,1.281,1.119,1.43,0.37
URS_T2,Acer platanoides,4.13,4.77,21,105.2,67.2,5.05,1.223,1.059,0.89,0.32
