species,n_porta,share_porta,lidar_height_med,lidar_crown_diam_med,lidar_crown_base_med,lidar_lai_proxy_med,brot_SLA_mm2_mg,brot_LDMC,brot_P50_MPa,brot_root_depth,brot_height_max_m,brot_wood_density_g_cm3,brot_leaf_lifespan_months,brot_leaf_phenology,brot_leaf_area_class,3tf_SLA,3tf_LDMC,3tf_WD,3tf_Nmass,sylvcit_Drought_tol,sylvcit_Shade_tol,sylvcit_Flood_tol,lit_runoff,lit_heat,sources,gaps
Platanus × acerifolia,829,0.293,14.3,8.35,6.68,2.31,,,,,,,,,,15.958,,,,4,3,3,"surface water storage capacity, all surfaces (rainfall simulator) = 0.87 (Xiao & McPherson 2016); canopy storage Cmax / Cmin (rainfall simulator) = 0.49 / 0.29 (Baptista et al. 2018)","transpiration cooling during heatwave = 33.3 (Bachofen et al. 2025); in-situ shade and transpiration cooling = see paper (Helletsgruber et al. 2020); transpiration per tree in August, Los Angeles = 176.9 (Pataki et al. 2011 (via Berland 2017))",LiDAR ICGC 2021 (this study); 3TF v1.3; SylvCiT BDD 2025; literature (notes/lit/species_measurements.csv),"leaf habit, drought vulnerability (P50)"
Celtis australis,296,0.105,9.51,4.55,4.66,2.0,17.6,,-1.65,,20.0,0.648,7.5,winter deciduous,large,17.608,0.364,0.575,21.17,,,,,,LiDAR ICGC 2021 (this study); BROT 2.0; 3TF v1.3,"interception value, cooling value"
Melia azedarach,167,0.059,9.82,8.43,4.62,2.26,,,,,,,,,,25.406,,0.485,,,,,,,LiDAR ICGC 2021 (this study); BROT 2.0; 3TF v1.3,"leaf habit, interception value, cooling value, drought vulnerability (P50)"
Pyrus calleryana,147,0.052,6.58,3.09,3.2,2.08,,,,,,,,,,11.939,,0.67,16.0,5,2,2,"surface water storage capacity, all surfaces (rainfall simulator) = 0.51 (Xiao & McPherson 2016); winter (leafless) interception, 9-yr Bradford pear, Davis = 15 (Xiao et al. 2000 (via Kuehler 2017))","shading effectiveness (Manchester) = see paper (Armson et al. 2013); max UTCI reduction, ENVI-met default tree sized 12 x 6 m (geometry, not physiology) = 3.53-6.27 (Silva et al. 2025); daily transpiration per unit leaf area, potted trees = 0.75-1.04 (Kjelgren & Montague 1998 (via Kuehler 2017))",LiDAR ICGC 2021 (this study); 3TF v1.3; SylvCiT BDD 2025; literature (notes/lit/species_measurements.csv),"leaf habit, drought vulnerability (P50)"
Jacaranda mimosifolia,145,0.051,9.18,7.33,5.03,2.91,,,,,,,,,,12.635,,0.507,,,,,"interception, small tree, Santa Monica (city-scale model) = 15.3 (Xiao & McPherson 2003 (via Huang 2017))",,LiDAR ICGC 2021 (this study); 3TF v1.3; literature (notes/lit/species_measurements.csv),"leaf habit, cooling value, drought vulnerability (P50)"
Tipuana tipu,139,0.049,9.96,8.01,4.8,2.2,,,,,,,,,,10.53,,0.607,,,,,,PET reduction on extreme heat days (secondary citation) = 15.6 (Santos Nouri et al. 2018 (via Silva 2025)),LiDAR ICGC 2021 (this study); 3TF v1.3; literature (notes/lit/species_measurements.csv),"leaf habit, interception value, drought vulnerability (P50)"
Brachychiton populneus,103,0.036,8.33,4.28,3.76,2.23,,,,,,,,,,8.019,,0.47,,,,,,"annual transpiration per tree, Los Angeles = <5000 (McCarthy et al. 2011 (via Berland 2017))",LiDAR ICGC 2021 (this study); 3TF v1.3; literature (notes/lit/species_measurements.csv),"leaf habit, interception value, drought vulnerability (P50)"
Citrus × aurantium,97,0.034,5.36,3.19,3.76,2.04,,,,,,,,,,,,,,,,,,,LiDAR ICGC 2021 (this study),"leaf habit, interception value, cooling value, drought vulnerability (P50)"
Robinia pseudoacacia,83,0.029,13.27,7.59,5.79,2.28,,,,,,,,,,20.62,0.336,0.681,38.4,5,2,2,,transpiration vs Tilia cordata = ~0.25x (Rahman et al. 2020); in-situ shade and transpiration cooling = see paper (Helletsgruber et al. 2020),LiDAR ICGC 2021 (this study); 3TF v1.3; SylvCiT BDD 2025; literature (notes/lit/species_measurements.csv),"leaf habit, interception value, drought vulnerability (P50)"
Catalpa bignonioides,83,0.029,8.45,5.53,4.32,2.29,,,,,,,,,,8.0,,0.375,21.578,3,3,2,,,LiDAR ICGC 2021 (this study); 3TF v1.3; SylvCiT BDD 2025,"leaf habit, interception value, cooling value, drought vulnerability (P50)"
Grevillea robusta,67,0.024,10.79,4.18,4.33,2.44,,,,,,,,,,9.234,,0.605,,,,,,,LiDAR ICGC 2021 (this study); 3TF v1.3,"leaf habit, interception value, cooling value, drought vulnerability (P50)"
Casuarina cunninghamiana,62,0.022,15.28,5.03,4.38,2.41,,,,,,,,,,,,,,,,,,,LiDAR ICGC 2021 (this study),"leaf habit, interception value, cooling value, drought vulnerability (P50)"
Populus nigra,61,0.022,14.91,5.35,4.65,2.64,10.6,,,,,0.43,7.37,,,11.441,0.306,0.405,18.1,3,3,4,,,LiDAR ICGC 2021 (this study); BROT 2.0; 3TF v1.3; SylvCiT BDD 2025,"leaf habit, interception value, cooling value, drought vulnerability (P50)"
Celtis sinensis,53,0.019,8.56,5.86,4.61,2.51,,,,,,,,,,21.436,0.389,,22.0,,,,"surface water storage capacity, all surfaces (rainfall simulator) = 0.71 (Xiao & McPherson 2016)",,LiDAR ICGC 2021 (this study); 3TF v1.3; literature (notes/lit/species_measurements.csv),"leaf habit, cooling value, drought vulnerability (P50)"
Gleditsia triacanthos,47,0.017,7.82,5.63,4.46,1.9,,,,,,,,,,24.495,0.393,0.6,26.75,5,2,3,"surface water storage capacity, all surfaces (rainfall simulator) = 0.67 (Xiao & McPherson 2016)","annual transpiration per tree, Los Angeles = ~25000 (McCarthy et al. 2011 (via Berland 2017))",LiDAR ICGC 2021 (this study); 3TF v1.3; SylvCiT BDD 2025; literature (notes/lit/species_measurements.csv),"leaf habit, drought vulnerability (P50)"
Handroanthus heptaphyllus,45,0.016,6.73,2.59,3.97,2.09,,,,,,,,,,,,0.94,,,,,,,LiDAR ICGC 2021 (this study); 3TF v1.3,"leaf habit, interception value, cooling value, drought vulnerability (P50)"
Fraxinus angustifolia,44,0.016,11.59,3.99,3.7,2.16,13.76,,,,25.0,0.725,5.915,winter deciduous,very large,14.265,0.349,0.555,23.7,5,,1,"surface water storage capacity, all surfaces (rainfall simulator) = 0.60 (Xiao & McPherson 2016)",,LiDAR ICGC 2021 (this study); BROT 2.0; 3TF v1.3; SylvCiT BDD 2025; literature (notes/lit/species_measurements.csv),"cooling value, drought vulnerability (P50)"
Populus alba,42,0.015,13.09,4.4,4.31,2.72,10.41,,,,,0.42,,winter deciduous,,11.72,0.387,0.405,23.5,3,3,2,,,LiDAR ICGC 2021 (this study); BROT 2.0; 3TF v1.3; SylvCiT BDD 2025,"interception value, cooling value, drought vulnerability (P50)"
Ligustrum lucidum,39,0.014,6.47,4.65,3.92,2.24,,,,,,,,,,13.358,,0.628,,,,,,,LiDAR ICGC 2021 (this study); 3TF v1.3,"leaf habit, interception value, cooling value, drought vulnerability (P50)"
Morus alba,37,0.013,5.75,5.0,3.36,1.92,,,,,,,,,,14.859,0.352,0.589,20.3,3,2,2,,,LiDAR ICGC 2021 (this study); 3TF v1.3; SylvCiT BDD 2025,"leaf habit, interception value, cooling value, drought vulnerability (P50)"
Styphnolobium japonicum,5,0.002,,,,,,,,,,,,,,23.197,,0.674,30.7,5,1,1,"event interception (mean of 6 events, one tree) = 35.79 (Yang et al. 2019); infiltration increase vs unplanted tank (tap roots) = 118 (Zhang et al. 2019)",,3TF v1.3; SylvCiT BDD 2025; literature (notes/lit/species_measurements.csv),"leaf habit, cooling value, drought vulnerability (P50), LiDAR crown"
