P_mm,palette,s,lai,intercepted_m3,runoff_saved_m3,saved_pct_of_event_runoff
5.0,S0,low,proxy,224.4,93.2,7.98
5.0,S0,low,x1.5,334.8,118.1,10.108
5.0,S0,mid,proxy,431.9,128.1,10.966
5.0,S0,mid,x1.5,510.0,130.7,11.185
5.0,S0,high,proxy,487.4,130.3,11.155
5.0,S0,high,x1.5,518.5,130.8,11.191
5.0,S1,low,proxy,169.0,70.5,6.036
5.0,S1,low,x1.5,252.0,90.0,7.704
5.0,S1,mid,proxy,327.7,98.0,8.387
5.0,S1,mid,x1.5,389.8,99.7,8.531
5.0,S1,high,proxy,374.7,99.4,8.507
5.0,S1,high,x1.5,395.3,99.7,8.536
5.0,best,low,proxy,208.3,87.8,7.512
5.0,best,low,x1.5,310.8,113.5,9.716
5.0,best,mid,proxy,408.1,124.5,10.652
5.0,best,mid,x1.5,494.5,126.0,10.785
5.0,best,high,proxy,482.1,125.7,10.761
5.0,best,high,x1.5,500.0,126.1,10.79
5.0,worst,low,proxy,131.4,54.5,4.663
5.0,worst,low,x1.5,195.5,69.1,5.911
5.0,worst,mid,proxy,251.6,75.2,6.438
5.0,worst,mid,x1.5,299.1,76.8,6.577
5.0,worst,high,proxy,285.3,76.6,6.553
5.0,worst,high,x1.5,304.6,76.9,6.583
5.0,R_Celtis_mature,low,proxy,143.1,59.7,5.112
5.0,R_Celtis_mature,low,x1.5,213.1,76.3,6.53
5.0,R_Celtis_mature,mid,proxy,275.5,83.8,7.176
5.0,R_Celtis_mature,mid,x1.5,334.5,85.8,7.34
5.0,R_Celtis_mature,high,proxy,315.5,85.5,7.316
5.0,R_Celtis_mature,high,x1.5,340.0,85.8,7.346
5.0,R_Celtis_young,low,proxy,130.3,54.1,4.627
5.0,R_Celtis_young,low,x1.5,194.0,68.5,5.866
5.0,R_Celtis_young,mid,proxy,249.5,74.7,6.394
5.0,R_Celtis_young,mid,x1.5,297.3,76.4,6.54
5.0,R_Celtis_young,high,proxy,282.7,76.1,6.516
5.0,R_Celtis_young,high,x1.5,302.9,76.5,6.545
5.0,R_Melia_mature,low,proxy,208.3,87.8,7.512
5.0,R_Melia_mature,low,x1.5,310.8,113.5,9.716
5.0,R_Melia_mature,mid,proxy,408.1,124.5,10.652
5.0,R_Melia_mature,mid,x1.5,494.5,126.0,10.785
5.0,R_Melia_mature,high,proxy,482.1,125.7,10.761
5.0,R_Melia_mature,high,x1.5,500.0,126.1,10.79
5.0,R_Melia_young,low,proxy,131.6,54.5,4.667
5.0,R_Melia_young,low,x1.5,195.9,69.0,5.907
5.0,R_Melia_young,mid,proxy,252.1,74.9,6.407
5.0,R_Melia_young,mid,x1.5,297.3,76.4,6.54
5.0,R_Melia_young,high,proxy,286.0,76.1,6.516
5.0,R_Melia_young,high,x1.5,302.9,76.5,6.545
5.0,R_Tipuana_mature,low,proxy,197.6,83.3,7.132
5.0,R_Tipuana_mature,low,x1.5,294.9,107.8,9.23
5.0,R_Tipuana_mature,mid,proxy,386.4,118.9,10.174
5.0,R_Tipuana_mature,mid,x1.5,472.6,120.5,10.312
5.0,R_Tipuana_mature,high,proxy,454.9,120.2,10.288
5.0,R_Tipuana_mature,high,x1.5,478.1,120.6,10.318
5.0,R_Tipuana_young,low,proxy,131.3,54.4,4.658
5.0,R_Tipuana_young,low,x1.5,195.4,68.9,5.898
5.0,R_Tipuana_young,mid,proxy,251.5,74.9,6.407
5.0,R_Tipuana_young,mid,x1.5,297.3,76.4,6.54
5.0,R_Tipuana_young,high,proxy,285.3,76.1,6.516
5.0,R_Tipuana_young,high,x1.5,302.9,76.5,6.545
5.0,R_Jacaranda_mature,low,proxy,205.9,84.6,7.242
5.0,R_Jacaranda_mature,low,x1.5,307.4,105.3,9.012
5.0,R_Jacaranda_mature,mid,proxy,400.2,110.6,9.467
5.0,R_Jacaranda_mature,mid,x1.5,439.4,112.2,9.599
5.0,R_Jacaranda_mature,high,proxy,428.3,111.9,9.575
5.0,R_Jacaranda_mature,high,x1.5,445.0,112.2,9.604
5.0,R_Jacaranda_young,low,proxy,134.8,55.6,4.755
5.0,R_Jacaranda_young,low,x1.5,200.7,69.7,5.967
5.0,R_Jacaranda_young,mid,proxy,258.1,74.9,6.407
5.0,R_Jacaranda_young,mid,x1.5,297.3,76.4,6.54
5.0,R_Jacaranda_young,high,proxy,286.2,76.1,6.516
5.0,R_Jacaranda_young,high,x1.5,302.9,76.5,6.545
5.0,R_Pyrus_mature,low,proxy,131.4,54.5,4.663
5.0,R_Pyrus_mature,low,x1.5,195.5,69.1,5.911
5.0,R_Pyrus_mature,mid,proxy,251.6,75.2,6.438
5.0,R_Pyrus_mature,mid,x1.5,299.1,76.8,6.577
5.0,R_Pyrus_mature,high,proxy,285.3,76.6,6.553
5.0,R_Pyrus_mature,high,x1.5,304.6,76.9,6.583
5.0,R_Pyrus_young,low,proxy,130.7,54.2,4.64
5.0,R_Pyrus_young,low,x1.5,194.5,68.7,5.879
5.0,R_Pyrus_young,mid,proxy,250.3,74.8,6.401
5.0,R_Pyrus_young,mid,x1.5,297.3,76.4,6.54
5.0,R_Pyrus_young,high,proxy,283.7,76.1,6.516
5.0,R_Pyrus_young,high,x1.5,302.9,76.5,6.545
5.0,R_Brachychiton_mature,low,proxy,142.8,59.4,5.085
5.0,R_Brachychiton_mature,low,x1.5,212.7,75.6,6.47
5.0,R_Brachychiton_mature,mid,proxy,274.9,82.3,7.044
5.0,R_Brachychiton_mature,mid,x1.5,326.9,83.9,7.177
5.0,R_Brachychiton_mature,high,proxy,314.7,83.6,7.153
5.0,R_Brachychiton_mature,high,x1.5,332.5,83.9,7.183
5.0,R_Brachychiton_young,low,proxy,131.5,54.5,4.663
5.0,R_Brachychiton_young,low,x1.5,195.7,69.0,5.903
5.0,R_Brachychiton_young,mid,proxy,251.8,74.9,6.407
5.0,R_Brachychiton_young,mid,x1.5,297.3,76.4,6.54
5.0,R_Brachychiton_young,high,proxy,285.6,76.1,6.516
5.0,R_Brachychiton_young,high,x1.5,302.9,76.5,6.545
10.0,S0,low,proxy,224.5,138.0,3.571
10.0,S0,low,x1.5,336.8,202.4,5.239
10.0,S0,mid,proxy,456.6,266.0,6.884
10.0,S0,mid,x1.5,680.6,360.3,9.324
10.0,S0,high,proxy,573.6,319.9,8.279
10.0,S0,high,x1.5,828.0,401.7,10.396
10.0,S1,low,proxy,169.1,104.0,2.691
10.0,S1,low,x1.5,253.7,152.6,3.95
10.0,S1,mid,proxy,343.9,200.8,5.196
10.0,S1,mid,x1.5,512.2,273.4,7.076
10.0,S1,high,proxy,431.9,241.9,6.26
10.0,S1,high,x1.5,626.5,306.8,7.94
10.0,best,low,proxy,208.4,128.3,3.321
10.0,best,low,x1.5,312.5,188.6,4.881
10.0,best,mid,proxy,423.8,248.7,6.436
10.0,best,mid,x1.5,632.0,342.1,8.854
10.0,best,high,proxy,532.3,300.8,7.786
10.0,best,high,x1.5,777.1,389.2,10.072
10.0,worst,low,proxy,131.5,80.8,2.09
10.0,worst,low,x1.5,197.2,118.4,3.065
10.0,worst,mid,proxy,267.3,155.5,4.025
10.0,worst,mid,x1.5,397.2,210.3,5.441
10.0,worst,high,proxy,335.6,186.7,4.833
10.0,worst,high,x1.5,482.0,235.1,6.084
10.0,R_Celtis_mature,low,proxy,143.2,88.1,2.279
10.0,R_Celtis_mature,low,x1.5,214.8,129.3,3.345
10.0,R_Celtis_mature,mid,proxy,291.2,170.0,4.399
10.0,R_Celtis_mature,mid,x1.5,433.2,231.1,5.98
10.0,R_Celtis_mature,high,proxy,365.7,204.6,5.295
10.0,R_Celtis_mature,high,x1.5,527.2,260.1,6.732
10.0,R_Celtis_young,low,proxy,130.4,80.1,2.074
10.0,R_Celtis_young,low,x1.5,195.7,117.5,3.041
10.0,R_Celtis_young,mid,proxy,265.2,154.3,3.993
10.0,R_Celtis_young,mid,x1.5,394.1,208.6,5.398
10.0,R_Celtis_young,high,proxy,333.0,185.3,4.795
10.0,R_Celtis_young,high,x1.5,478.1,233.2,6.036
10.0,R_Melia_mature,low,proxy,208.4,128.3,3.321
10.0,R_Melia_mature,low,x1.5,312.5,188.6,4.881
10.0,R_Melia_mature,mid,proxy,423.8,248.7,6.436
10.0,R_Melia_mature,mid,x1.5,632.0,342.1,8.854
10.0,R_Melia_mature,high,proxy,532.3,300.8,7.786
10.0,R_Melia_mature,high,x1.5,777.1,389.2,10.072
10.0,R_Melia_young,low,proxy,131.7,80.9,2.094
10.0,R_Melia_young,low,x1.5,197.6,118.6,3.07
10.0,R_Melia_young,mid,proxy,267.8,155.7,4.03
10.0,R_Melia_young,mid,x1.5,398.0,210.4,5.445
10.0,R_Melia_young,high,proxy,336.3,187.0,4.839
10.0,R_Melia_young,high,x1.5,483.0,234.9,6.08
10.0,R_Tipuana_mature,low,proxy,197.7,121.8,3.152
10.0,R_Tipuana_mature,low,x1.5,296.6,179.0,4.632
10.0,R_Tipuana_mature,mid,proxy,402.1,236.0,6.108
10.0,R_Tipuana_mature,mid,x1.5,599.5,324.6,8.401
10.0,R_Tipuana_mature,high,proxy,505.1,285.5,7.388
10.0,R_Tipuana_mature,high,x1.5,736.4,369.5,9.564
10.0,R_Tipuana_young,low,proxy,131.4,80.7,2.089
10.0,R_Tipuana_young,low,x1.5,197.1,118.4,3.064
10.0,R_Tipuana_young,mid,proxy,267.2,155.4,4.022
10.0,R_Tipuana_young,mid,x1.5,397.1,210.0,5.435
10.0,R_Tipuana_young,high,proxy,335.5,186.6,4.829
10.0,R_Tipuana_young,high,x1.5,481.9,234.6,6.071
10.0,R_Jacaranda_mature,low,proxy,206.0,126.4,3.271
10.0,R_Jacaranda_mature,low,x1.5,309.1,185.2,4.793
10.0,R_Jacaranda_mature,mid,proxy,419.0,242.9,6.286
10.0,R_Jacaranda_mature,mid,x1.5,624.9,326.6,8.451
10.0,R_Jacaranda_mature,high,proxy,526.4,291.3,7.538
10.0,R_Jacaranda_mature,high,x1.5,768.2,354.5,9.176
10.0,R_Jacaranda_young,low,proxy,134.9,82.8,2.143
10.0,R_Jacaranda_young,low,x1.5,202.4,121.3,3.14
10.0,R_Jacaranda_young,mid,proxy,274.3,159.1,4.118
10.0,R_Jacaranda_young,mid,x1.5,407.8,214.0,5.537
10.0,R_Jacaranda_young,high,proxy,344.4,190.7,4.935
10.0,R_Jacaranda_young,high,x1.5,495.3,236.3,6.117
10.0,R_Pyrus_mature,low,proxy,131.5,80.8,2.09
10.0,R_Pyrus_mature,low,x1.5,197.2,118.4,3.065
10.0,R_Pyrus_mature,mid,proxy,267.3,155.5,4.025
10.0,R_Pyrus_mature,mid,x1.5,397.2,210.3,5.441
10.0,R_Pyrus_mature,high,proxy,335.6,186.7,4.833
10.0,R_Pyrus_mature,high,x1.5,482.0,235.1,6.084
10.0,R_Pyrus_young,low,proxy,130.8,80.4,2.08
10.0,R_Pyrus_young,low,x1.5,196.2,117.9,3.05
10.0,R_Pyrus_young,mid,proxy,266.0,154.7,4.005
10.0,R_Pyrus_young,mid,x1.5,395.3,209.2,5.413
10.0,R_Pyrus_young,high,proxy,334.0,185.8,4.809
10.0,R_Pyrus_young,high,x1.5,479.6,233.8,6.051
10.0,R_Brachychiton_mature,low,proxy,142.9,87.8,2.274
10.0,R_Brachychiton_mature,low,x1.5,214.4,128.9,3.335
10.0,R_Brachychiton_mature,mid,proxy,290.6,169.4,4.383
10.0,R_Brachychiton_mature,mid,x1.5,432.3,229.8,5.947
10.0,R_Brachychiton_mature,high,proxy,364.9,203.7,5.271
10.0,R_Brachychiton_mature,high,x1.5,526.0,257.7,6.67
10.0,R_Brachychiton_young,low,proxy,131.6,80.8,2.092
10.0,R_Brachychiton_young,low,x1.5,197.4,118.5,3.067
10.0,R_Brachychiton_young,mid,proxy,267.5,155.6,4.026
10.0,R_Brachychiton_young,mid,x1.5,397.6,210.2,5.44
10.0,R_Brachychiton_young,high,proxy,335.9,186.8,4.834
10.0,R_Brachychiton_young,high,x1.5,482.5,234.8,6.075
19.6,S0,low,proxy,224.5,156.7,1.586
19.6,S0,low,x1.5,336.8,233.8,2.367
19.6,S0,mid,proxy,456.9,315.6,3.195
19.6,S0,mid,x1.5,685.3,468.3,4.74
19.6,S0,high,proxy,574.4,394.7,3.995
19.6,S0,high,x1.5,861.1,582.3,5.894
19.6,S1,low,proxy,169.1,118.0,1.195
19.6,S1,low,x1.5,253.7,176.1,1.783
19.6,S1,mid,proxy,344.1,237.8,2.407
19.6,S1,mid,x1.5,516.1,352.9,3.572
19.6,S1,high,proxy,432.6,297.4,3.01
19.6,S1,high,x1.5,648.5,438.9,4.443
19.6,best,low,proxy,208.4,145.5,1.473
19.6,best,low,x1.5,312.5,217.1,2.198
19.6,best,mid,proxy,424.0,293.2,2.968
19.6,best,mid,x1.5,636.0,435.4,4.407
19.6,best,high,proxy,533.0,366.8,3.713
19.6,best,high,x1.5,799.2,542.0,5.487
19.6,worst,low,proxy,131.5,91.7,0.929
19.6,worst,low,x1.5,197.2,136.9,1.386
19.6,worst,mid,proxy,267.5,184.8,1.87
19.6,worst,mid,x1.5,401.2,274.0,2.774
19.6,worst,high,proxy,336.3,231.0,2.339
19.6,worst,high,x1.5,504.1,340.6,3.448
19.6,R_Celtis_mature,low,proxy,143.2,100.0,1.012
19.6,R_Celtis_mature,low,x1.5,214.8,149.2,1.51
19.6,R_Celtis_mature,mid,proxy,291.5,201.4,2.039
19.6,R_Celtis_mature,mid,x1.5,437.1,298.8,3.025
19.6,R_Celtis_mature,high,proxy,366.4,251.9,2.55
19.6,R_Celtis_mature,high,x1.5,549.2,371.6,3.762
19.6,R_Celtis_young,low,proxy,130.4,91.0,0.921
19.6,R_Celtis_young,low,x1.5,195.7,135.8,1.375
19.6,R_Celtis_young,mid,proxy,265.4,183.3,1.856
19.6,R_Celtis_young,mid,x1.5,398.1,271.9,2.753
19.6,R_Celtis_young,high,proxy,333.7,229.2,2.321
19.6,R_Celtis_young,high,x1.5,500.2,338.0,3.421
19.6,R_Melia_mature,low,proxy,208.4,145.5,1.473
19.6,R_Melia_mature,low,x1.5,312.5,217.1,2.198
19.6,R_Melia_mature,mid,proxy,424.0,293.2,2.968
19.6,R_Melia_mature,mid,x1.5,636.0,435.4,4.407
19.6,R_Melia_mature,high,proxy,533.0,366.8,3.713
19.6,R_Melia_mature,high,x1.5,799.2,542.0,5.487
19.6,R_Melia_young,low,proxy,131.7,91.9,0.93
19.6,R_Melia_young,low,x1.5,197.6,137.1,1.388
19.6,R_Melia_young,mid,proxy,268.0,185.1,1.874
19.6,R_Melia_young,mid,x1.5,402.0,274.6,2.779
19.6,R_Melia_young,high,proxy,337.0,231.5,2.343
19.6,R_Melia_young,high,x1.5,505.1,341.2,3.454
19.6,R_Tipuana_mature,low,proxy,197.7,138.1,1.398
19.6,R_Tipuana_mature,low,x1.5,296.6,206.1,2.086
19.6,R_Tipuana_mature,mid,proxy,402.4,278.2,2.816
19.6,R_Tipuana_mature,mid,x1.5,603.5,413.2,4.182
19.6,R_Tipuana_mature,high,proxy,505.8,348.1,3.523
19.6,R_Tipuana_mature,high,x1.5,758.4,514.4,5.207
19.6,R_Tipuana_young,low,proxy,131.4,91.7,0.928
19.6,R_Tipuana_young,low,x1.5,197.1,136.8,1.385
19.6,R_Tipuana_young,mid,proxy,267.4,184.7,1.87
19.6,R_Tipuana_young,mid,x1.5,401.1,273.9,2.773
19.6,R_Tipuana_young,high,proxy,336.2,230.9,2.338
19.6,R_Tipuana_young,high,x1.5,503.9,340.5,3.447
19.6,R_Jacaranda_mature,low,proxy,206.0,143.7,1.455
19.6,R_Jacaranda_mature,low,x1.5,309.1,214.4,2.17
19.6,R_Jacaranda_mature,mid,proxy,419.3,289.3,2.929
19.6,R_Jacaranda_mature,mid,x1.5,628.9,429.1,4.344
19.6,R_Jacaranda_mature,high,proxy,527.1,361.8,3.662
19.6,R_Jacaranda_mature,high,x1.5,790.2,533.3,5.399
19.6,R_Jacaranda_young,low,proxy,134.9,94.1,0.953
19.6,R_Jacaranda_young,low,x1.5,202.4,140.4,1.422
19.6,R_Jacaranda_young,mid,proxy,274.5,189.5,1.918
19.6,R_Jacaranda_young,mid,x1.5,411.8,281.0,2.845
19.6,R_Jacaranda_young,high,proxy,345.1,236.9,2.399
19.6,R_Jacaranda_young,high,x1.5,517.3,349.2,3.535
19.6,R_Pyrus_mature,low,proxy,131.5,91.7,0.929
19.6,R_Pyrus_mature,low,x1.5,197.2,136.9,1.386
19.6,R_Pyrus_mature,mid,proxy,267.5,184.8,1.87
19.6,R_Pyrus_mature,mid,x1.5,401.2,274.0,2.774
19.6,R_Pyrus_mature,high,proxy,336.3,231.0,2.339
19.6,R_Pyrus_mature,high,x1.5,504.1,340.6,3.448
19.6,R_Pyrus_young,low,proxy,130.8,91.3,0.924
19.6,R_Pyrus_young,low,x1.5,196.3,136.2,1.379
19.6,R_Pyrus_young,mid,proxy,266.2,183.9,1.861
19.6,R_Pyrus_young,mid,x1.5,399.3,272.7,2.761
19.6,R_Pyrus_young,high,proxy,334.7,229.9,2.327
19.6,R_Pyrus_young,high,x1.5,501.7,339.0,3.431
19.6,R_Brachychiton_mature,low,proxy,142.9,99.8,1.01
19.6,R_Brachychiton_mature,low,x1.5,214.4,148.8,1.507
19.6,R_Brachychiton_mature,mid,proxy,290.8,200.9,2.034
19.6,R_Brachychiton_mature,mid,x1.5,436.2,298.1,3.017
19.6,R_Brachychiton_mature,high,proxy,365.6,251.2,2.543
19.6,R_Brachychiton_mature,high,x1.5,548.1,370.6,3.752
19.6,R_Brachychiton_young,low,proxy,131.6,91.8,0.929
19.6,R_Brachychiton_young,low,x1.5,197.4,137.0,1.387
19.6,R_Brachychiton_young,mid,proxy,267.7,184.9,1.872
19.6,R_Brachychiton_young,mid,x1.5,401.6,274.2,2.776
19.6,R_Brachychiton_young,high,proxy,336.6,231.2,2.34
19.6,R_Brachychiton_young,high,x1.5,504.5,340.9,3.45
31.9,S0,low,proxy,224.5,175.0,0.957
31.9,S0,low,x1.5,336.8,261.5,1.43
31.9,S0,mid,proxy,456.9,353.3,1.932
31.9,S0,mid,x1.5,685.3,525.4,2.873
31.9,S0,high,proxy,574.4,442.2,2.418
31.9,S0,high,x1.5,861.5,655.8,3.586
31.9,S1,low,proxy,169.1,131.8,0.721
31.9,S1,low,x1.5,253.7,197.0,1.077
31.9,S1,mid,proxy,344.1,266.2,1.456
31.9,S1,mid,x1.5,516.2,395.9,2.165
31.9,S1,high,proxy,432.6,333.2,1.822
31.9,S1,high,x1.5,648.9,494.2,2.703
31.9,best,low,proxy,208.4,162.5,0.889
31.9,best,low,x1.5,312.5,242.9,1.328
31.9,best,mid,proxy,424.0,328.1,1.795
31.9,best,mid,x1.5,636.0,488.3,2.67
31.9,best,high,proxy,533.0,410.9,2.247
31.9,best,high,x1.5,799.5,609.7,3.335
31.9,worst,low,proxy,131.5,102.5,0.56
31.9,worst,low,x1.5,197.2,153.1,0.837
31.9,worst,mid,proxy,267.5,206.8,1.131
31.9,worst,mid,x1.5,401.3,307.6,1.682
31.9,worst,high,proxy,336.3,258.9,1.416
31.9,worst,high,x1.5,504.4,383.9,2.099
31.9,R_Celtis_mature,low,proxy,143.2,111.7,0.611
31.9,R_Celtis_mature,low,x1.5,214.8,166.9,0.913
31.9,R_Celtis_mature,mid,proxy,291.5,225.4,1.233
31.9,R_Celtis_mature,mid,x1.5,437.2,335.3,1.834
31.9,R_Celtis_mature,high,proxy,366.4,282.2,1.543
31.9,R_Celtis_mature,high,x1.5,549.6,418.6,2.289
31.9,R_Celtis_young,low,proxy,130.4,101.7,0.556
31.9,R_Celtis_young,low,x1.5,195.7,151.9,0.831
31.9,R_Celtis_young,mid,proxy,265.4,205.2,1.122
31.9,R_Celtis_young,mid,x1.5,398.2,305.2,1.669
31.9,R_Celtis_young,high,proxy,333.7,256.9,1.405
31.9,R_Celtis_young,high,x1.5,500.5,380.9,2.083
31.9,R_Melia_mature,low,proxy,208.4,162.5,0.889
31.9,R_Melia_mature,low,x1.5,312.5,242.9,1.328
31.9,R_Melia_mature,mid,proxy,424.0,328.1,1.795
31.9,R_Melia_mature,mid,x1.5,636.0,488.3,2.67
31.9,R_Melia_mature,high,proxy,533.0,410.9,2.247
31.9,R_Melia_mature,high,x1.5,799.5,609.7,3.335
31.9,R_Melia_young,low,proxy,131.7,102.7,0.561
31.9,R_Melia_young,low,x1.5,197.6,153.4,0.839
31.9,R_Melia_young,mid,proxy,268.0,207.2,1.133
31.9,R_Melia_young,mid,x1.5,402.1,308.1,1.685
31.9,R_Melia_young,high,proxy,337.0,259.4,1.419
31.9,R_Melia_young,high,x1.5,505.4,384.6,2.103
31.9,R_Tipuana_mature,low,proxy,197.7,154.2,0.843
31.9,R_Tipuana_mature,low,x1.5,296.6,230.5,1.26
31.9,R_Tipuana_mature,mid,proxy,402.4,311.4,1.703
31.9,R_Tipuana_mature,mid,x1.5,603.6,463.4,2.534
31.9,R_Tipuana_mature,high,proxy,505.8,389.9,2.132
31.9,R_Tipuana_mature,high,x1.5,758.8,578.7,3.165
31.9,R_Tipuana_young,low,proxy,131.4,102.4,0.56
31.9,R_Tipuana_young,low,x1.5,197.1,153.1,0.837
31.9,R_Tipuana_young,mid,proxy,267.4,206.8,1.131
31.9,R_Tipuana_young,mid,x1.5,401.2,307.5,1.682
31.9,R_Tipuana_young,high,proxy,336.2,258.8,1.415
31.9,R_Tipuana_young,high,x1.5,504.3,383.7,2.099
31.9,R_Jacaranda_mature,low,proxy,206.0,160.5,0.878
31.9,R_Jacaranda_mature,low,x1.5,309.1,239.9,1.312
31.9,R_Jacaranda_mature,mid,proxy,419.3,323.9,1.772
31.9,R_Jacaranda_mature,mid,x1.5,628.9,481.5,2.634
31.9,R_Jacaranda_mature,high,proxy,527.1,405.4,2.217
31.9,R_Jacaranda_mature,high,x1.5,790.6,600.8,3.286
31.9,R_Jacaranda_young,low,proxy,134.9,105.1,0.575
31.9,R_Jacaranda_young,low,x1.5,202.4,157.1,0.859
31.9,R_Jacaranda_young,mid,proxy,274.5,212.2,1.16
31.9,R_Jacaranda_young,mid,x1.5,411.8,315.4,1.725
31.9,R_Jacaranda_young,high,proxy,345.1,265.5,1.452
31.9,R_Jacaranda_young,high,x1.5,517.7,393.6,2.153
31.9,R_Pyrus_mature,low,proxy,131.5,102.5,0.56
31.9,R_Pyrus_mature,low,x1.5,197.2,153.1,0.837
31.9,R_Pyrus_mature,mid,proxy,267.5,206.8,1.131
31.9,R_Pyrus_mature,mid,x1.5,401.3,307.6,1.682
31.9,R_Pyrus_mature,high,proxy,336.3,258.9,1.416
31.9,R_Pyrus_mature,high,x1.5,504.4,383.9,2.099
31.9,R_Pyrus_young,low,proxy,130.8,102.0,0.558
31.9,R_Pyrus_young,low,x1.5,196.3,152.4,0.833
31.9,R_Pyrus_young,mid,proxy,266.2,205.8,1.126
31.9,R_Pyrus_young,mid,x1.5,399.4,306.1,1.674
31.9,R_Pyrus_young,high,proxy,334.7,257.7,1.409
31.9,R_Pyrus_young,high,x1.5,502.0,382.0,2.089
31.9,R_Brachychiton_mature,low,proxy,142.9,111.4,0.609
31.9,R_Brachychiton_mature,low,x1.5,214.4,166.5,0.911
31.9,R_Brachychiton_mature,mid,proxy,290.8,224.9,1.23
31.9,R_Brachychiton_mature,mid,x1.5,436.3,334.5,1.829
31.9,R_Brachychiton_mature,high,proxy,365.6,281.5,1.54
31.9,R_Brachychiton_mature,high,x1.5,548.4,417.5,2.283
31.9,R_Brachychiton_young,low,proxy,131.6,102.6,0.561
31.9,R_Brachychiton_young,low,x1.5,197.4,153.2,0.838
31.9,R_Brachychiton_young,mid,proxy,267.7,207.0,1.132
31.9,R_Brachychiton_young,mid,x1.5,401.6,307.8,1.683
31.9,R_Brachychiton_young,high,proxy,336.6,259.1,1.417
31.9,R_Brachychiton_young,high,x1.5,504.9,384.2,2.101
40.0,S0,low,proxy,224.5,182.7,0.758
40.0,S0,low,x1.5,336.8,273.4,1.134
40.0,S0,mid,proxy,456.9,369.8,1.534
40.0,S0,mid,x1.5,685.3,551.4,2.288
40.0,S0,high,proxy,574.4,463.5,1.923
40.0,S0,high,x1.5,861.5,689.8,2.862
40.0,S1,low,proxy,169.1,137.7,0.571
40.0,S1,low,x1.5,253.7,205.9,0.854
40.0,S1,mid,proxy,344.1,278.6,1.156
40.0,S1,mid,x1.5,516.2,415.4,1.724
40.0,S1,high,proxy,432.6,349.2,1.449
40.0,S1,high,x1.5,648.9,519.7,2.156
40.0,best,low,proxy,208.4,169.6,0.704
40.0,best,low,x1.5,312.5,253.8,1.053
40.0,best,mid,proxy,424.0,343.4,1.425
40.0,best,mid,x1.5,636.0,512.2,2.125
40.0,best,high,proxy,533.0,430.4,1.786
40.0,best,high,x1.5,799.5,641.0,2.659
40.0,worst,low,proxy,131.5,107.0,0.444
40.0,worst,low,x1.5,197.2,160.1,0.664
40.0,worst,mid,proxy,267.5,216.5,0.898
40.0,worst,mid,x1.5,401.3,322.8,1.339
40.0,worst,high,proxy,336.3,271.3,1.126
40.0,worst,high,x1.5,504.4,403.8,1.675
40.0,R_Celtis_mature,low,proxy,143.2,116.6,0.484
40.0,R_Celtis_mature,low,x1.5,214.8,174.4,0.724
40.0,R_Celtis_mature,mid,proxy,291.5,235.9,0.979
40.0,R_Celtis_mature,mid,x1.5,437.2,351.9,1.46
40.0,R_Celtis_mature,high,proxy,366.4,295.7,1.227
40.0,R_Celtis_mature,high,x1.5,549.6,440.2,1.827
40.0,R_Celtis_young,low,proxy,130.4,106.2,0.441
40.0,R_Celtis_young,low,x1.5,195.7,158.8,0.659
40.0,R_Celtis_young,mid,proxy,265.4,214.8,0.891
40.0,R_Celtis_young,mid,x1.5,398.2,320.3,1.329
40.0,R_Celtis_young,high,proxy,333.7,269.2,1.117
40.0,R_Celtis_young,high,x1.5,500.5,400.7,1.663
40.0,R_Melia_mature,low,proxy,208.4,169.6,0.704
40.0,R_Melia_mature,low,x1.5,312.5,253.8,1.053
40.0,R_Melia_mature,mid,proxy,424.0,343.4,1.425
40.0,R_Melia_mature,mid,x1.5,636.0,512.2,2.125
40.0,R_Melia_mature,high,proxy,533.0,430.4,1.786
40.0,R_Melia_mature,high,x1.5,799.5,641.0,2.659
40.0,R_Melia_young,low,proxy,131.7,107.2,0.445
40.0,R_Melia_young,low,x1.5,197.6,160.4,0.665
40.0,R_Melia_young,mid,proxy,268.0,216.9,0.9
40.0,R_Melia_young,mid,x1.5,402.1,323.4,1.342
40.0,R_Melia_young,high,proxy,337.0,271.9,1.128
40.0,R_Melia_young,high,x1.5,505.4,404.6,1.679
40.0,R_Tipuana_mature,low,proxy,197.7,161.0,0.668
40.0,R_Tipuana_mature,low,x1.5,296.6,240.9,0.999
40.0,R_Tipuana_mature,mid,proxy,402.4,325.9,1.352
40.0,R_Tipuana_mature,mid,x1.5,603.6,486.1,2.017
40.0,R_Tipuana_mature,high,proxy,505.8,408.5,1.695
40.0,R_Tipuana_mature,high,x1.5,758.8,608.3,2.524
40.0,R_Tipuana_young,low,proxy,131.4,107.0,0.444
40.0,R_Tipuana_young,low,x1.5,197.1,160.0,0.664
40.0,R_Tipuana_young,mid,proxy,267.4,216.4,0.898
40.0,R_Tipuana_young,mid,x1.5,401.2,322.7,1.339
40.0,R_Tipuana_young,high,proxy,336.2,271.3,1.125
40.0,R_Tipuana_young,high,x1.5,504.3,403.7,1.675
40.0,R_Jacaranda_mature,low,proxy,206.0,167.7,0.696
40.0,R_Jacaranda_mature,low,x1.5,309.1,250.8,1.041
40.0,R_Jacaranda_mature,mid,proxy,419.3,339.1,1.407
40.0,R_Jacaranda_mature,mid,x1.5,628.9,505.5,2.098
40.0,R_Jacaranda_mature,high,proxy,527.1,425.0,1.763
40.0,R_Jacaranda_mature,high,x1.5,790.6,632.3,2.623
40.0,R_Jacaranda_young,low,proxy,134.9,109.8,0.456
40.0,R_Jacaranda_young,low,x1.5,202.4,164.2,0.681
40.0,R_Jacaranda_young,mid,proxy,274.5,222.1,0.922
40.0,R_Jacaranda_young,mid,x1.5,411.8,331.1,1.374
40.0,R_Jacaranda_young,high,proxy,345.1,278.4,1.155
40.0,R_Jacaranda_young,high,x1.5,517.7,414.2,1.718
40.0,R_Pyrus_mature,low,proxy,131.5,107.0,0.444
40.0,R_Pyrus_mature,low,x1.5,197.2,160.1,0.664
40.0,R_Pyrus_mature,mid,proxy,267.5,216.5,0.898
40.0,R_Pyrus_mature,mid,x1.5,401.3,322.8,1.339
40.0,R_Pyrus_mature,high,proxy,336.3,271.3,1.126
40.0,R_Pyrus_mature,high,x1.5,504.4,403.8,1.675
40.0,R_Pyrus_young,low,proxy,130.8,106.5,0.442
40.0,R_Pyrus_young,low,x1.5,196.3,159.3,0.661
40.0,R_Pyrus_young,mid,proxy,266.2,215.5,0.894
40.0,R_Pyrus_young,mid,x1.5,399.4,321.3,1.333
40.0,R_Pyrus_young,high,proxy,334.7,270.0,1.12
40.0,R_Pyrus_young,high,x1.5,502.0,401.9,1.667
40.0,R_Brachychiton_mature,low,proxy,142.9,116.3,0.483
40.0,R_Brachychiton_mature,low,x1.5,214.4,174.0,0.722
40.0,R_Brachychiton_mature,mid,proxy,290.8,235.4,0.977
40.0,R_Brachychiton_mature,mid,x1.5,436.3,351.0,1.456
40.0,R_Brachychiton_mature,high,proxy,365.6,295.1,1.224
40.0,R_Brachychiton_mature,high,x1.5,548.4,439.1,1.822
40.0,R_Brachychiton_young,low,proxy,131.6,107.1,0.444
40.0,R_Brachychiton_young,low,x1.5,197.4,160.2,0.665
40.0,R_Brachychiton_young,mid,proxy,267.7,216.7,0.899
40.0,R_Brachychiton_young,mid,x1.5,401.6,323.0,1.34
40.0,R_Brachychiton_young,high,proxy,336.6,271.6,1.127
40.0,R_Brachychiton_young,high,x1.5,504.9,404.1,1.677
62.5,S0,low,proxy,224.5,196.3,0.48
62.5,S0,low,x1.5,336.8,294.1,0.718
62.5,S0,mid,proxy,456.9,398.4,0.973
62.5,S0,mid,x1.5,685.3,595.9,1.455
62.5,S0,high,proxy,574.4,500.1,1.222
62.5,S0,high,x1.5,861.5,747.4,1.825
62.5,S1,low,proxy,169.1,147.9,0.361
62.5,S1,low,x1.5,253.7,221.5,0.541
62.5,S1,mid,proxy,344.1,300.1,0.733
62.5,S1,mid,x1.5,516.2,448.9,1.096
62.5,S1,high,proxy,432.6,376.7,0.92
62.5,S1,high,x1.5,648.9,563.0,1.375
62.5,best,low,proxy,208.4,182.2,0.445
62.5,best,low,x1.5,312.5,273.0,0.667
62.5,best,mid,proxy,424.0,369.8,0.903
62.5,best,mid,x1.5,636.0,553.3,1.351
62.5,best,high,proxy,533.0,464.3,1.134
62.5,best,high,x1.5,799.5,694.0,1.695
62.5,worst,low,proxy,131.5,115.0,0.281
62.5,worst,low,x1.5,197.2,172.2,0.421
62.5,worst,mid,proxy,267.5,233.3,0.57
62.5,worst,mid,x1.5,401.3,348.9,0.852
62.5,worst,high,proxy,336.3,292.8,0.715
62.5,worst,high,x1.5,504.4,437.6,1.069
62.5,R_Celtis_mature,low,proxy,143.2,125.3,0.306
62.5,R_Celtis_mature,low,x1.5,214.8,187.6,0.458
62.5,R_Celtis_mature,mid,proxy,291.5,254.2,0.621
62.5,R_Celtis_mature,mid,x1.5,437.2,380.2,0.929
62.5,R_Celtis_mature,high,proxy,366.4,319.1,0.779
62.5,R_Celtis_mature,high,x1.5,549.6,476.9,1.165
62.5,R_Celtis_young,low,proxy,130.4,114.1,0.279
62.5,R_Celtis_young,low,x1.5,195.7,170.9,0.417
62.5,R_Celtis_young,mid,proxy,265.4,231.5,0.565
62.5,R_Celtis_young,mid,x1.5,398.2,346.2,0.846
62.5,R_Celtis_young,high,proxy,333.7,290.6,0.71
62.5,R_Celtis_young,high,x1.5,500.5,434.2,1.06
62.5,R_Melia_mature,low,proxy,208.4,182.2,0.445
62.5,R_Melia_mature,low,x1.5,312.5,273.0,0.667
62.5,R_Melia_mature,mid,proxy,424.0,369.8,0.903
62.5,R_Melia_mature,mid,x1.5,636.0,553.3,1.351
62.5,R_Melia_mature,high,proxy,533.0,464.3,1.134
62.5,R_Melia_mature,high,x1.5,799.5,694.0,1.695
62.5,R_Melia_young,low,proxy,131.7,115.2,0.281
62.5,R_Melia_young,low,x1.5,197.6,172.5,0.421
62.5,R_Melia_young,mid,proxy,268.0,233.7,0.571
62.5,R_Melia_young,mid,x1.5,402.1,349.6,0.854
62.5,R_Melia_young,high,proxy,337.0,293.4,0.717
62.5,R_Melia_young,high,x1.5,505.4,438.4,1.071
62.5,R_Tipuana_mature,low,proxy,197.7,172.9,0.422
62.5,R_Tipuana_mature,low,x1.5,296.6,259.1,0.633
62.5,R_Tipuana_mature,mid,proxy,402.4,351.0,0.857
62.5,R_Tipuana_mature,mid,x1.5,603.6,525.1,1.282
62.5,R_Tipuana_mature,high,proxy,505.8,440.6,1.076
62.5,R_Tipuana_mature,high,x1.5,758.8,658.7,1.609
62.5,R_Tipuana_young,low,proxy,131.4,114.9,0.281
62.5,R_Tipuana_young,low,x1.5,197.1,172.2,0.42
62.5,R_Tipuana_young,mid,proxy,267.4,233.2,0.57
62.5,R_Tipuana_young,mid,x1.5,401.2,348.8,0.852
62.5,R_Tipuana_young,high,proxy,336.2,292.7,0.715
62.5,R_Tipuana_young,high,x1.5,504.3,437.5,1.068
62.5,R_Jacaranda_mature,low,proxy,206.0,180.1,0.44
62.5,R_Jacaranda_mature,low,x1.5,309.1,269.8,0.659
62.5,R_Jacaranda_mature,mid,proxy,419.3,365.5,0.893
62.5,R_Jacaranda_mature,mid,x1.5,628.9,546.6,1.335
62.5,R_Jacaranda_mature,high,proxy,527.1,458.8,1.121
62.5,R_Jacaranda_mature,high,x1.5,790.6,685.5,1.674
62.5,R_Jacaranda_young,low,proxy,134.9,118.0,0.288
62.5,R_Jacaranda_young,low,x1.5,202.4,176.7,0.432
62.5,R_Jacaranda_young,mid,proxy,274.5,239.4,0.585
62.5,R_Jacaranda_young,mid,x1.5,411.8,358.0,0.874
62.5,R_Jacaranda_young,high,proxy,345.1,300.5,0.734
62.5,R_Jacaranda_young,high,x1.5,517.7,449.0,1.097
62.5,R_Pyrus_mature,low,proxy,131.5,115.0,0.281
62.5,R_Pyrus_mature,low,x1.5,197.2,172.2,0.421
62.5,R_Pyrus_mature,mid,proxy,267.5,233.3,0.57
62.5,R_Pyrus_mature,mid,x1.5,401.3,348.9,0.852
62.5,R_Pyrus_mature,high,proxy,336.3,292.8,0.715
62.5,R_Pyrus_mature,high,x1.5,504.4,437.6,1.069
62.5,R_Pyrus_young,low,proxy,130.8,114.4,0.279
62.5,R_Pyrus_young,low,x1.5,196.3,171.4,0.419
62.5,R_Pyrus_young,mid,proxy,266.2,232.2,0.567
62.5,R_Pyrus_young,mid,x1.5,399.4,347.2,0.848
62.5,R_Pyrus_young,high,proxy,334.7,291.4,0.712
62.5,R_Pyrus_young,high,x1.5,502.0,435.5,1.064
62.5,R_Brachychiton_mature,low,proxy,142.9,125.0,0.305
62.5,R_Brachychiton_mature,low,x1.5,214.4,187.2,0.457
62.5,R_Brachychiton_mature,mid,proxy,290.8,253.6,0.619
62.5,R_Brachychiton_mature,mid,x1.5,436.3,379.4,0.927
62.5,R_Brachychiton_mature,high,proxy,365.6,318.4,0.778
62.5,R_Brachychiton_mature,high,x1.5,548.4,475.8,1.162
62.5,R_Brachychiton_young,low,proxy,131.6,115.0,0.281
62.5,R_Brachychiton_young,low,x1.5,197.4,172.3,0.421
62.5,R_Brachychiton_young,mid,proxy,267.7,233.5,0.57
62.5,R_Brachychiton_young,mid,x1.5,401.6,349.2,0.853
62.5,R_Brachychiton_young,high,proxy,336.6,293.1,0.716
62.5,R_Brachychiton_young,high,x1.5,504.9,437.9,1.07
80.0,S0,low,proxy,224.5,202.7,0.372
80.0,S0,low,x1.5,336.8,303.8,0.557
80.0,S0,mid,proxy,456.9,411.7,0.756
80.0,S0,mid,x1.5,685.3,616.4,1.131
80.0,S0,high,proxy,574.4,517.1,0.949
80.0,S0,high,x1.5,861.5,773.7,1.42
80.0,S1,low,proxy,169.1,152.7,0.28
80.0,S1,low,x1.5,253.7,228.8,0.42
80.0,S1,mid,proxy,344.1,310.1,0.569
80.0,S1,mid,x1.5,516.2,464.3,0.852
80.0,S1,high,proxy,432.6,389.5,0.715
80.0,S1,high,x1.5,648.9,582.8,1.07
80.0,best,low,proxy,208.4,188.1,0.345
80.0,best,low,x1.5,312.5,281.9,0.517
80.0,best,mid,proxy,424.0,382.1,0.701
80.0,best,mid,x1.5,636.0,572.2,1.05
80.0,best,high,proxy,533.0,480.0,0.881
80.0,best,high,x1.5,799.5,718.3,1.318
80.0,worst,low,proxy,131.5,118.7,0.218
80.0,worst,low,x1.5,197.2,177.8,0.326
80.0,worst,mid,proxy,267.5,241.0,0.442
80.0,worst,mid,x1.5,401.3,360.9,0.662
80.0,worst,high,proxy,336.3,302.7,0.556
80.0,worst,high,x1.5,504.4,453.0,0.831
80.0,R_Celtis_mature,low,proxy,143.2,129.3,0.237
80.0,R_Celtis_mature,low,x1.5,214.8,193.8,0.356
80.0,R_Celtis_mature,mid,proxy,291.5,262.6,0.482
80.0,R_Celtis_mature,mid,x1.5,437.2,393.3,0.722
80.0,R_Celtis_mature,high,proxy,366.4,329.9,0.605
80.0,R_Celtis_mature,high,x1.5,549.6,493.7,0.906
80.0,R_Celtis_young,low,proxy,130.4,117.8,0.216
80.0,R_Celtis_young,low,x1.5,195.7,176.5,0.324
80.0,R_Celtis_young,mid,proxy,265.4,239.2,0.439
80.0,R_Celtis_young,mid,x1.5,398.2,358.1,0.657
80.0,R_Celtis_young,high,proxy,333.7,300.4,0.551
80.0,R_Celtis_young,high,x1.5,500.5,449.5,0.825
80.0,R_Melia_mature,low,proxy,208.4,188.1,0.345
80.0,R_Melia_mature,low,x1.5,312.5,281.9,0.517
80.0,R_Melia_mature,mid,proxy,424.0,382.1,0.701
80.0,R_Melia_mature,mid,x1.5,636.0,572.2,1.05
80.0,R_Melia_mature,high,proxy,533.0,480.0,0.881
80.0,R_Melia_mature,high,x1.5,799.5,718.3,1.318
80.0,R_Melia_young,low,proxy,131.7,118.9,0.218
80.0,R_Melia_young,low,x1.5,197.6,178.2,0.327
80.0,R_Melia_young,mid,proxy,268.0,241.5,0.443
80.0,R_Melia_young,mid,x1.5,402.1,361.6,0.664
80.0,R_Melia_young,high,proxy,337.0,303.3,0.557
80.0,R_Melia_young,high,x1.5,505.4,453.9,0.833
80.0,R_Tipuana_mature,low,proxy,197.7,178.5,0.328
80.0,R_Tipuana_mature,low,x1.5,296.6,267.6,0.491
80.0,R_Tipuana_mature,mid,proxy,402.4,362.6,0.666
80.0,R_Tipuana_mature,mid,x1.5,603.6,543.0,0.997
80.0,R_Tipuana_mature,high,proxy,505.8,455.5,0.836
80.0,R_Tipuana_mature,high,x1.5,758.8,681.7,1.251
80.0,R_Tipuana_young,low,proxy,131.4,118.6,0.218
80.0,R_Tipuana_young,low,x1.5,197.1,177.8,0.326
80.0,R_Tipuana_young,mid,proxy,267.4,241.0,0.442
80.0,R_Tipuana_young,mid,x1.5,401.2,360.8,0.662
80.0,R_Tipuana_young,high,proxy,336.2,302.7,0.555
80.0,R_Tipuana_young,high,x1.5,504.3,452.9,0.831
80.0,R_Jacaranda_mature,low,proxy,206.0,186.0,0.341
80.0,R_Jacaranda_mature,low,x1.5,309.1,278.7,0.512
80.0,R_Jacaranda_mature,mid,proxy,419.3,377.7,0.693
80.0,R_Jacaranda_mature,mid,x1.5,628.9,565.5,1.038
80.0,R_Jacaranda_mature,high,proxy,527.1,474.4,0.871
80.0,R_Jacaranda_mature,high,x1.5,790.6,709.8,1.303
80.0,R_Jacaranda_young,low,proxy,134.9,121.8,0.224
80.0,R_Jacaranda_young,low,x1.5,202.4,182.5,0.335
80.0,R_Jacaranda_young,mid,proxy,274.5,247.4,0.454
80.0,R_Jacaranda_young,mid,x1.5,411.8,370.3,0.68
80.0,R_Jacaranda_young,high,proxy,345.1,310.7,0.57
80.0,R_Jacaranda_young,high,x1.5,517.7,464.8,0.853
80.0,R_Pyrus_mature,low,proxy,131.5,118.7,0.218
80.0,R_Pyrus_mature,low,x1.5,197.2,177.8,0.326
80.0,R_Pyrus_mature,mid,proxy,267.5,241.0,0.442
80.0,R_Pyrus_mature,mid,x1.5,401.3,360.9,0.662
80.0,R_Pyrus_mature,high,proxy,336.3,302.7,0.556
80.0,R_Pyrus_mature,high,x1.5,504.4,453.0,0.831
80.0,R_Pyrus_young,low,proxy,130.8,118.1,0.217
80.0,R_Pyrus_young,low,x1.5,196.3,177.0,0.325
80.0,R_Pyrus_young,mid,proxy,266.2,239.9,0.44
80.0,R_Pyrus_young,mid,x1.5,399.4,359.2,0.659
80.0,R_Pyrus_young,high,proxy,334.7,301.3,0.553
80.0,R_Pyrus_young,high,x1.5,502.0,450.9,0.827
80.0,R_Brachychiton_mature,low,proxy,142.9,129.0,0.237
80.0,R_Brachychiton_mature,low,x1.5,214.4,193.4,0.355
80.0,R_Brachychiton_mature,mid,proxy,290.8,262.1,0.481
80.0,R_Brachychiton_mature,mid,x1.5,436.3,392.4,0.72
80.0,R_Brachychiton_mature,high,proxy,365.6,329.2,0.604
80.0,R_Brachychiton_mature,high,x1.5,548.4,492.6,0.904
80.0,R_Brachychiton_young,low,proxy,131.6,118.8,0.218
80.0,R_Brachychiton_young,low,x1.5,197.4,178.0,0.327
80.0,R_Brachychiton_young,mid,proxy,267.7,241.2,0.443
80.0,R_Brachychiton_young,mid,x1.5,401.6,361.2,0.663
80.0,R_Brachychiton_young,high,proxy,336.6,303.0,0.556
80.0,R_Brachychiton_young,high,x1.5,504.9,453.4,0.832
