x,y
1150.34,1090.41
837.32,1043.66
821.2,1042.67
716.59,1026.68
634.24,1013.55
269.04,953.85
269.2,948.45
267.62,941.92
264.2,936.15
258.11,930.91
251.89,928.4
247.9,927.82
242.54,928.15
238.66,929.23
232.81,932.48
217.28,904.31
203.0,877.84
193.94,862.88
187.74,853.62
179.42,841.94
174.83,835.99
112.71,757.89
99.05,738.87
87.01,719.13
55.21,663.88
42.61,640.26
28.14,619.5
52.01,559.98
60.1,540.95
85.55,478.04
96.27,450.0
109.79,418.71
134.45,358.72
149.02,320.21
162.55,289.54
191.6,215.95
225.87,132.57
242.53,90.36
242.67,56.23
318.39,53.4
412.91,50.84
529.35,48.3
942.83,36.1
927.41,64.02
920.08,85.82
911.13,149.01
918.32,209.09
1150.34,1090.41
