tree_id,x,y,water_convergence_m2,drains_to_hotspot,sun_share,shade_m2h_celtis,water_m3_celtis,shade_m2h_melia,water_m3_melia,shade_m2h_pyrus,water_m3_pyrus,shade_m2h_jacaranda,water_m3_jacaranda,shade_m2h_tipuana,water_m3_tipuana,shade_m2h_brachychiton,water_m3_brachychiton
0131651AR,788.06,334.02,206722.0,0.0,1.0,61.7,0.0,226.7,0.0,29.1,0.0,194.1,0.0,201.7,0.0,58.0,0.0
0131652AR,303.55,742.77,891.0,0.0,0.67,49.7,0.0,175.9,0.0,23.7,0.0,155.1,0.0,158.6,0.0,47.1,0.0
0131658AR,77.24,511.85,1963.0,0.0,0.67,31.2,0.0,109.2,0.0,18.3,0.0,93.1,0.0,97.2,0.0,36.9,0.0
0131663AR,794.23,193.59,29.0,1.0,1.0,61.7,0.057,226.7,0.221,29.1,0.027,194.1,0.215,201.7,0.194,58.0,0.056
0131665AR,947.07,1052.34,7081.0,1.0,0.17,31.7,0.057,135.2,0.221,10.8,0.027,99.0,0.215,120.3,0.194,31.4,0.056
0131668AR,643.0,51.0,2146.0,0.0,1.0,59.2,0.0,183.0,0.0,29.1,0.0,177.6,0.0,162.8,0.0,56.8,0.0
0131672AR,779.63,212.63,19.0,1.0,1.0,61.7,0.057,226.7,0.221,29.1,0.027,194.1,0.215,201.7,0.194,58.0,0.056
0131675AR,887.0,198.0,13.0,1.0,1.0,61.7,0.057,226.7,0.221,29.1,0.027,194.1,0.215,201.7,0.194,58.0,0.056
0131676AR,1007.29,641.87,7.0,0.0,1.0,61.7,0.0,226.7,0.0,29.1,0.0,194.1,0.0,201.7,0.0,58.0,0.0
0131678AR,806.45,402.64,29.0,0.0,1.0,61.7,0.0,226.7,0.0,29.1,0.0,194.1,0.0,201.7,0.0,58.0,0.0
0131683AR,515.15,351.3,7.0,0.0,1.0,61.7,0.0,226.7,0.0,29.1,0.0,194.1,0.0,201.7,0.0,58.0,0.0
0131684AR,290.71,61.33,48597.0,0.0,1.0,61.7,0.0,199.5,0.0,29.1,0.0,193.4,0.0,177.5,0.0,58.0,0.0
0131692AR,920.65,400.72,23.0,0.0,1.0,61.7,0.0,226.7,0.0,29.1,0.0,194.1,0.0,201.7,0.0,58.0,0.0
0131699AR,798.27,188.55,911.0,1.0,1.0,61.7,0.057,226.7,0.221,29.1,0.027,194.1,0.215,201.7,0.194,58.0,0.056
0131701AR,559.59,53.42,1141.0,0.0,1.0,61.7,0.0,201.9,0.0,29.1,0.0,194.1,0.0,179.6,0.0,58.0,0.0
0131712AR,210.86,803.42,152.0,0.0,1.0,61.7,0.0,226.7,0.0,29.1,0.0,194.1,0.0,201.7,0.0,58.0,0.0
0131715AR,924.11,412.11,47.0,0.0,1.0,61.7,0.0,226.7,0.0,29.1,0.0,194.1,0.0,201.7,0.0,58.0,0.0
0131716AR,215.24,886.36,22.0,0.0,0.67,44.8,0.0,159.4,0.0,20.5,0.0,133.4,0.0,141.8,0.0,44.7,0.0
0131723AR,200.7,208.82,549.0,0.0,0.67,40.3,0.0,144.6,0.0,20.5,0.0,122.8,0.0,132.4,0.0,42.9,0.0
0131726AR,801.31,383.92,24.0,0.0,1.0,61.7,0.0,226.7,0.0,29.1,0.0,194.1,0.0,201.7,0.0,58.0,0.0
0131728AR,892.71,728.01,294.0,1.0,1.0,61.7,0.057,222.6,0.221,29.1,0.027,190.8,0.215,198.0,0.194,58.0,0.056
0131737AR,474.58,138.2,52644.0,1.0,0.83,42.8,0.057,153.5,0.221,23.7,0.027,126.1,0.215,137.1,0.194,44.7,0.056
0131744AR,778.72,349.52,1352.0,0.0,1.0,61.7,0.0,222.0,0.0,29.1,0.0,193.4,0.0,194.9,0.0,58.0,0.0
0131745AR,292.62,748.8,643.0,0.0,0.17,9.0,0.0,45.5,0.0,3.2,0.0,33.7,0.0,40.4,0.0,7.3,0.0
0131749AR,899.0,239.0,17.0,0.64,1.0,61.7,0.036,226.7,0.148,29.1,0.021,194.1,0.136,201.7,0.13,58.0,0.046
0131750AR,611.67,268.62,141.0,0.0,0.5,37.0,0.0,112.8,0.0,17.8,0.0,109.6,0.0,96.1,0.0,32.0,0.0
0131752AR,103.33,447.57,2710.0,0.0,0.83,50.6,0.0,186.6,0.0,23.2,0.0,151.2,0.0,169.7,0.0,49.6,0.0
0131753AR,791.58,938.83,1643.0,0.0,1.0,58.4,0.0,216.1,0.0,29.1,0.0,184.2,0.0,192.2,0.0,58.0,0.0
0131756AR,407.2,375.71,3257.0,0.0,1.0,61.7,0.0,226.7,0.0,29.1,0.0,194.1,0.0,201.7,0.0,58.0,0.0
0131758AR,834.95,1018.94,903.0,0.0,1.0,58.4,0.0,217.9,0.0,28.0,0.0,186.2,0.0,193.8,0.0,55.6,0.0
0131759AR,464.99,430.16,29.0,0.0,0.83,60.4,0.0,219.0,0.0,27.5,0.0,185.5,0.0,194.9,0.0,57.4,0.0
0131763AR,844.09,546.78,4593.0,0.0,1.0,61.7,0.0,226.7,0.0,29.1,0.0,194.1,0.0,201.7,0.0,58.0,0.0
0131765AR,418.37,502.89,65.0,0.0,1.0,61.7,0.0,226.7,0.0,29.1,0.0,194.1,0.0,201.7,0.0,58.0,0.0
0131768AR,110.72,634.54,45.0,0.0,1.0,7.4,0.0,39.6,0.0,2.7,0.0,33.7,0.0,29.4,0.0,8.5,0.0
0131775AR,934.63,372.24,22.0,0.0,1.0,61.7,0.0,226.7,0.0,29.1,0.0,194.1,0.0,201.7,0.0,58.0,0.0
0131778AR,547.91,53.79,984.0,0.0,1.0,61.7,0.0,195.4,0.0,29.1,0.0,186.8,0.0,173.9,0.0,58.0,0.0
0131794AR,906.52,268.03,17.0,0.0,1.0,61.7,0.0,226.7,0.003,29.1,0.0,194.1,0.004,201.7,0.003,58.0,0.0
0131795AR,211.8,181.56,829.0,0.47,0.67,41.1,0.039,142.3,0.09,23.2,0.024,120.8,0.114,125.0,0.079,44.7,0.035
0131799AR,205.15,197.73,653.0,0.0,0.67,41.5,0.0,138.7,0.0,21.5,0.0,121.5,0.0,123.4,0.0,42.3,0.0
0131802AR,160.66,666.89,1122.0,0.0,0.67,44.4,0.0,159.4,0.0,19.9,0.0,140.6,0.0,146.0,0.0,41.1,0.0
0131803AR,990.6,659.44,1072.0,0.0,1.0,61.7,0.0,226.7,0.0,29.1,0.0,194.1,0.0,201.7,0.0,58.0,0.0
0131807AR,345.26,749.01,7.0,0.0,0.83,46.0,0.0,150.5,0.0,22.1,0.0,143.9,0.0,133.9,0.0,39.3,0.0
0131809AR,816.0,440.26,205650.0,0.0,1.0,61.7,0.0,226.7,0.0,29.1,0.0,194.1,0.0,201.7,0.0,58.0,0.0
0131815AR,149.16,335.3,3925.0,0.0,0.83,34.9,0.0,121.6,0.0,19.4,0.0,104.3,0.0,106.1,0.0,39.9,0.0
0131822AR,1079.38,909.06,82.0,1.0,1.0,61.7,0.057,226.7,0.221,29.1,0.027,194.1,0.215,201.7,0.194,58.0,0.056
0131827AR,996.78,682.31,8.0,0.0,1.0,61.7,0.0,226.7,0.0,29.1,0.0,194.1,0.0,201.7,0.0,58.0,0.0
0131828AR,785.49,965.03,37.0,0.0,0.67,42.8,0.0,128.7,0.0,21.0,0.0,126.1,0.0,110.3,0.0,38.1,0.0
0131835AR,892.45,216.13,22.0,1.0,1.0,61.7,0.057,226.7,0.221,29.1,0.027,194.1,0.215,201.7,0.194,58.0,0.056
0131840AR,284.85,61.33,48522.0,0.0,1.0,61.7,0.0,198.4,0.0,29.1,0.0,190.8,0.0,176.5,0.0,58.0,0.0
0131842AR,350.75,410.27,117.0,0.0,1.0,61.7,0.0,226.7,0.0,29.1,0.0,194.1,0.0,201.7,0.0,58.0,0.0
0131845AR,915.63,302.4,24.0,0.0,1.0,61.7,0.0,226.7,0.0,29.1,0.0,194.1,0.0,201.7,0.0,58.0,0.0
0131846AR,626.14,51.45,1946.0,0.0,1.0,61.7,0.0,198.4,0.0,29.1,0.0,194.1,0.0,176.5,0.0,58.0,0.0
0131849AR,785.71,47.04,381.0,1.0,1.0,61.7,0.057,214.3,0.221,29.1,0.027,193.4,0.215,190.7,0.194,58.0,0.056
0131851AR,1114.73,1042.65,108.0,0.0,0.83,60.4,0.0,220.2,0.0,29.1,0.0,187.5,0.0,195.9,0.0,58.0,0.0
0131852AR,389.09,521.44,70.0,0.0,1.0,61.7,0.0,226.7,0.0,29.1,0.0,194.1,0.0,201.7,0.0,58.0,0.0
0131853AR,455.0,396.0,8760.0,0.0,1.0,61.7,0.0,226.7,0.0,29.1,0.0,194.1,0.0,201.7,0.0,58.0,0.0
0131856AR,65.64,668.58,18.0,0.0,0.83,52.6,0.0,189.5,0.0,24.2,0.0,161.7,0.0,168.6,0.0,52.0,0.0
0131862AR,475.19,164.66,53366.0,1.0,0.83,44.8,0.057,162.9,0.221,23.2,0.027,134.0,0.215,145.0,0.194,47.1,0.056
0131863AR,948.74,424.49,29.0,0.0,1.0,61.7,0.0,226.7,0.0,29.1,0.0,194.1,0.0,201.7,0.0,58.0,0.0
0131864AR,1013.52,665.35,7.0,0.58,1.0,61.7,0.043,226.7,0.124,29.1,0.024,194.1,0.145,201.7,0.109,58.0,0.035
0131870AR,887.05,86.54,7.0,1.0,0.67,57.1,0.057,200.1,0.221,24.2,0.027,173.6,0.215,179.6,0.194,51.4,0.056
0131871AR,1043.83,1059.59,83314.0,0.0,1.0,61.7,0.0,226.7,0.0,29.1,0.0,194.1,0.0,201.7,0.0,58.0,0.0
0131874AR,797.78,988.67,5.0,0.0,0.67,40.7,0.0,119.3,0.0,19.4,0.0,119.5,0.0,106.1,0.0,36.9,0.0
0131878AR,1004.24,630.71,10.0,0.0,1.0,61.7,0.0,226.7,0.0,29.1,0.0,194.1,0.0,201.7,0.0,58.0,0.0
0131879AR,812.88,169.38,503226.0,1.0,0.5,39.1,0.057,146.4,0.21,15.1,0.027,124.8,0.211,130.3,0.185,33.2,0.056
0131881AR,105.28,736.05,53.0,0.0,0.83,59.6,0.0,209.0,0.0,25.9,0.0,182.9,0.0,185.9,0.0,56.8,0.0
0131885AR,973.42,513.73,8.0,0.0,1.0,61.7,0.0,226.7,0.0,29.1,0.0,194.1,0.0,201.7,0.0,58.0,0.0
0131889AR,360.79,404.4,1115.0,0.0,1.0,61.7,0.0,226.7,0.0,29.1,0.0,194.1,0.0,201.7,0.0,58.0,0.0
0131890AR,1008.95,647.98,7.0,0.0,1.0,61.7,0.0,226.7,0.01,29.1,0.0,194.1,0.004,201.7,0.009,58.0,0.0
0131894AR,879.57,156.68,7.0,1.0,1.0,61.7,0.057,226.7,0.221,29.1,0.027,194.1,0.215,201.7,0.194,58.0,0.056
0131908AR,1101.0,990.0,70.0,0.0,1.0,60.8,0.0,224.9,0.0,29.1,0.0,192.1,0.0,200.1,0.0,58.0,0.0
0131912AR,473.71,117.42,52156.0,1.0,0.83,46.0,0.057,167.7,0.221,24.2,0.027,140.6,0.215,149.2,0.194,49.0,0.056
0131913AR,202.75,203.3,612.0,0.0,0.67,40.3,0.0,128.7,0.0,20.5,0.0,115.5,0.0,112.9,0.0,41.7,0.0
0131916AR,841.55,1030.18,1090.0,0.83,1.0,61.7,0.043,226.7,0.172,29.1,0.024,194.1,0.153,201.7,0.152,58.0,0.053
0131920AR,1030.7,1064.39,60.0,0.0,1.0,61.7,0.0,226.7,0.0,29.1,0.0,194.1,0.0,201.7,0.0,58.0,0.0
0131922AR,582.28,52.84,1428.0,0.0,1.0,61.7,0.0,210.2,0.0,29.1,0.0,189.5,0.0,187.0,0.0,58.0,0.0
0131924AR,1018.0,682.0,3.0,0.36,1.0,61.7,0.025,226.7,0.086,29.1,0.009,194.1,0.101,201.7,0.076,58.0,0.014
0131932AR,878.79,244.16,63.0,1.0,1.0,61.7,0.057,224.9,0.217,29.1,0.027,194.1,0.215,200.1,0.191,58.0,0.056
0131933AR,405.02,57.72,50013.0,0.0,1.0,61.7,0.0,226.1,0.0,29.1,0.0,194.1,0.0,201.2,0.0,58.0,0.0
0131934AR,822.88,45.9,874.0,1.0,1.0,61.7,0.057,189.5,0.221,29.1,0.027,184.9,0.215,168.6,0.194,58.0,0.056
0131936AR,838.43,1025.12,1031.0,0.42,1.0,57.1,0.02,218.4,0.079,28.0,0.009,184.9,0.066,195.4,0.07,54.4,0.028
0131942AR,224.2,783.32,104.0,0.0,0.5,36.6,0.0,144.1,0.0,16.7,0.0,118.8,0.0,128.2,0.0,33.8,0.0
0131945AR,993.0,589.0,4.0,0.0,1.0,61.7,0.0,226.7,0.0,29.1,0.0,194.1,0.0,201.7,0.0,58.0,0.0
0131950AR,966.9,571.3,14.0,0.0,1.0,61.7,0.0,226.7,0.0,29.1,0.0,194.1,0.0,201.7,0.0,58.0,0.0
0131951AR,615.06,988.17,10.0,0.0,1.0,61.7,0.0,226.7,0.0,29.1,0.0,194.1,0.0,201.7,0.0,58.0,0.0
0131966AR,234.2,127.18,259.0,0.0,0.67,33.7,0.0,115.7,0.0,17.2,0.0,97.7,0.0,100.9,0.0,35.7,0.0
0131969AR,794.57,209.46,81.0,1.0,1.0,61.7,0.057,226.7,0.221,29.1,0.027,194.1,0.215,201.7,0.194,58.0,0.056
0131971AR,456.69,100.23,41.0,0.86,0.5,29.6,0.057,86.8,0.172,16.2,0.027,86.5,0.193,76.2,0.152,23.0,0.056
0131974AR,769.57,241.59,7.0,1.0,0.83,61.7,0.057,226.7,0.221,29.1,0.027,194.1,0.215,201.7,0.194,58.0,0.056
0131976AR,468.81,396.59,23744.0,0.0,1.0,61.7,0.0,226.7,0.0,29.1,0.0,194.1,0.0,201.7,0.0,58.0,0.0
0131992AR,779.47,47.11,329.0,1.0,1.0,61.7,0.057,207.8,0.221,29.1,0.027,190.1,0.215,182.3,0.194,58.0,0.056
0131996AR,990.13,577.59,13.0,0.0,1.0,61.7,0.0,226.7,0.0,29.1,0.0,194.1,0.0,201.7,0.0,58.0,0.0
0131998AR,1000.89,618.79,11.0,0.0,1.0,61.7,0.0,226.7,0.0,29.1,0.0,194.1,0.0,201.7,0.0,58.0,0.0
0131999AR,855.88,129.99,516.0,1.0,1.0,59.2,0.057,215.5,0.221,29.1,0.027,182.2,0.215,191.7,0.194,58.0,0.056
0132004AR,153.53,595.38,1238.0,0.0,1.0,61.7,0.0,226.7,0.0,29.1,0.0,194.1,0.0,201.7,0.0,58.0,0.0
0132006AR,1044.9,782.41,114.0,1.0,1.0,61.7,0.057,226.7,0.221,29.1,0.027,194.1,0.215,201.7,0.194,58.0,0.056
0132008AR,988.46,571.61,5.0,0.0,1.0,61.7,0.0,226.7,0.0,29.1,0.0,194.1,0.0,201.7,0.0,58.0,0.0
0132009AR,1071.94,1070.39,19.0,0.0,1.0,61.7,0.0,226.7,0.014,29.1,0.0,194.1,0.018,201.7,0.012,58.0,0.0
0132010AR,56.99,605.78,45.0,0.0,1.0,61.7,0.0,226.7,0.0,29.1,0.0,194.1,0.0,201.7,0.0,58.0,0.0
0132013AR,787.04,203.22,185.0,1.0,1.0,61.7,0.057,226.7,0.221,29.1,0.027,194.1,0.215,201.7,0.194,58.0,0.056
0132014AR,1085.73,932.3,104.0,1.0,1.0,61.7,0.057,226.7,0.221,29.1,0.027,194.1,0.215,201.7,0.194,58.0,0.056
0132016AR,905.04,262.03,9.0,0.0,1.0,61.7,0.0,226.7,0.003,29.1,0.0,194.1,0.004,201.7,0.003,58.0,0.0
0132017AR,116.38,415.82,3045.0,0.0,0.5,30.0,0.0,102.1,0.0,17.8,0.0,88.5,0.0,90.9,0.0,30.8,0.0
0132020AR,951.97,435.87,20.0,0.0,1.0,61.7,0.0,226.7,0.0,29.1,0.0,194.1,0.0,201.7,0.0,58.0,0.0
0132021AR,937.87,383.67,25.0,0.0,1.0,61.7,0.0,226.7,0.0,29.1,0.0,194.1,0.0,201.7,0.0,58.0,0.0
0132022AR,518.88,288.53,660.0,0.0,0.67,45.6,0.0,177.7,0.0,21.0,0.0,142.6,0.0,159.7,0.0,44.1,0.0
0132029AR,134.94,607.11,945.0,0.0,0.83,59.2,0.0,209.0,0.0,25.9,0.0,183.5,0.0,183.8,0.0,52.0,0.0
0132030AR,155.61,319.18,4092.0,0.0,0.67,47.3,0.0,161.2,0.0,24.8,0.0,141.9,0.0,138.7,0.0,50.2,0.0
0132037AR,821.06,459.21,550.0,0.0,1.0,61.7,0.0,226.7,0.0,29.1,0.0,194.1,0.0,201.7,0.0,58.0,0.0
0132040AR,913.24,371.7,73.0,0.0,1.0,61.7,0.0,226.7,0.0,29.1,0.0,194.1,0.0,201.7,0.0,58.0,0.0
0132044AR,129.79,383.87,3406.0,0.0,0.83,44.0,0.0,142.3,0.0,24.2,0.0,127.4,0.0,126.6,0.0,47.1,0.0
0132048AR,218.21,166.43,987.0,1.0,0.67,39.1,0.057,137.6,0.207,22.6,0.027,116.9,0.206,122.4,0.182,41.1,0.056
0132049AR,671.97,50.28,2510.0,0.0,1.0,61.7,0.0,194.8,0.0,29.1,0.0,184.9,0.0,166.5,0.0,58.0,0.0
0132050AR,956.37,530.53,70.0,0.0,1.0,61.7,0.0,226.7,0.0,29.1,0.0,194.1,0.0,201.7,0.0,58.0,0.0
0132052AR,928.08,349.01,26.0,0.0,1.0,61.7,0.0,226.7,0.0,29.1,0.0,194.1,0.0,201.7,0.0,58.0,0.0
0132053AR,71.6,679.54,73.0,0.0,0.67,54.7,0.0,187.7,0.0,22.1,0.0,163.7,0.0,168.1,0.0,50.2,0.0
0132057AR,280.58,422.08,249.0,1.0,0.67,35.8,0.057,139.9,0.217,18.9,0.027,108.3,0.211,124.5,0.191,40.5,0.056
0132060AR,996.28,600.81,4.0,0.0,1.0,61.7,0.0,226.7,0.0,29.1,0.0,194.1,0.0,201.7,0.0,58.0,0.0
0132066AR,284.27,429.22,128.0,1.0,0.67,43.6,0.057,175.9,0.217,19.9,0.027,134.7,0.211,156.5,0.191,45.9,0.056
0132071AR,83.34,496.3,2143.0,0.0,0.67,43.2,0.0,144.6,0.0,22.6,0.0,128.1,0.0,127.6,0.0,44.7,0.0
0132075AR,287.57,764.64,56.0,0.0,1.0,50.2,0.0,153.5,0.0,29.1,0.0,143.9,0.0,136.6,0.0,53.8,0.0
0132088AR,1065.72,1069.3,18.0,0.0,1.0,61.7,0.0,226.7,0.0,29.1,0.0,194.1,0.0,201.7,0.0,58.0,0.0
0132089AR,890.49,210.28,13.0,1.0,1.0,61.7,0.057,226.7,0.221,29.1,0.027,194.1,0.215,201.7,0.194,58.0,0.056
0132100AR,397.09,381.88,2987.0,0.0,1.0,61.7,0.0,226.7,0.0,29.1,0.0,194.1,0.0,201.7,0.0,58.0,0.0
0132104AR,884.47,186.6,33.0,1.0,1.0,61.7,0.057,226.7,0.221,29.1,0.027,194.1,0.215,201.7,0.194,58.0,0.056
0132112AR,107.83,437.66,2816.0,0.0,0.67,24.3,0.0,94.5,0.0,17.2,0.0,75.9,0.0,84.0,0.0,30.8,0.0
0132114AR,508.95,372.05,27670.0,0.0,1.0,61.7,0.0,226.7,0.0,29.1,0.0,194.1,0.0,201.7,0.0,58.0,0.0
0132116AR,798.24,424.31,515.0,0.0,0.83,51.4,0.0,152.9,0.0,26.9,0.0,152.5,0.0,136.0,0.0,44.7,0.0
0132117AR,217.76,786.25,79.0,0.0,0.5,38.2,0.0,150.0,0.0,15.6,0.0,120.8,0.0,137.6,0.0,34.4,0.0
0132119AR,1051.7,804.58,171.0,1.0,1.0,61.7,0.057,226.7,0.221,29.1,0.027,194.1,0.215,201.7,0.194,58.0,0.056
0132126AR,46.5,587.91,397.0,0.0,1.0,61.7,0.0,222.0,0.0,29.1,0.0,192.8,0.0,197.5,0.0,58.0,0.0
0132127AR,742.81,868.36,18.0,1.0,0.67,43.2,0.057,131.7,0.221,19.4,0.027,128.1,0.215,117.1,0.194,38.7,0.056
0132129AR,142.03,784.43,14943.0,0.0,0.67,47.3,0.0,171.8,0.0,21.5,0.0,147.9,0.0,152.9,0.0,45.3,0.0
0132138AR,1061.51,1061.8,12.0,0.0,1.0,61.7,0.0,226.7,0.014,29.1,0.0,194.1,0.018,201.7,0.012,58.0,0.0
0132145AR,314.39,749.47,3835.0,0.0,1.0,61.7,0.0,210.8,0.0,29.1,0.0,186.8,0.0,187.5,0.0,58.0,0.0
0132151AR,770.08,264.73,16.0,1.0,1.0,61.7,0.057,226.7,0.221,29.1,0.027,194.1,0.215,201.7,0.194,58.0,0.056
0132156AR,738.16,855.92,12.0,1.0,1.0,59.2,0.057,182.4,0.221,29.1,0.027,175.0,0.215,162.3,0.194,55.6,0.056
0132159AR,1102.52,996.21,31.0,0.0,1.0,61.7,0.0,226.7,0.0,29.1,0.0,194.1,0.0,201.7,0.0,58.0,0.0
0132161AR,998.77,688.03,15.0,0.0,1.0,61.7,0.0,226.7,0.0,29.1,0.0,194.1,0.0,201.7,0.0,58.0,0.0
0132163AR,927.4,1049.25,6826.0,1.0,0.0,26.3,0.057,125.2,0.217,8.1,0.027,87.8,0.211,119.8,0.191,28.4,0.056
0132171AR,1113.18,1036.84,168.0,0.0,0.83,61.7,0.0,223.2,0.0,29.1,0.0,190.1,0.0,198.6,0.0,58.0,0.0
0132172AR,777.21,343.35,1515.0,0.0,1.0,61.3,0.0,222.0,0.0,29.1,0.0,191.5,0.0,197.5,0.0,58.0,0.0
0132179AR,837.39,153.48,330.0,1.0,0.83,61.3,0.057,220.8,0.221,27.5,0.027,190.1,0.215,196.5,0.194,57.4,0.056
0132182AR,823.35,171.75,4.0,1.0,1.0,61.7,0.057,226.7,0.221,29.1,0.027,194.1,0.215,201.7,0.194,58.0,0.056
0132188AR,796.15,365.51,206386.0,0.0,1.0,61.7,0.0,226.7,0.0,29.1,0.0,194.1,0.0,201.7,0.0,58.0,0.0
0132193AR,787.34,218.38,16.0,1.0,1.0,61.7,0.057,226.7,0.221,29.1,0.027,194.1,0.215,201.7,0.194,58.0,0.056
0132208AR,1008.04,723.08,9.0,1.0,1.0,61.7,0.057,223.2,0.221,29.1,0.027,194.1,0.215,198.6,0.194,58.0,0.056
0132214AR,616.79,290.28,4.0,0.0,0.5,14.4,0.0,50.2,0.0,7.0,0.0,52.2,0.0,41.5,0.0,9.7,0.0
0132218AR,66.19,539.27,1561.0,0.0,0.83,59.6,0.0,204.3,0.0,25.9,0.0,179.6,0.0,182.3,0.0,54.4,0.0
0132225AR,1002.49,624.34,3.0,0.0,1.0,61.7,0.0,226.7,0.0,29.1,0.0,194.1,0.0,201.7,0.0,58.0,0.0
0132226AR,781.87,958.52,5.0,0.0,0.67,39.9,0.0,117.5,0.0,18.9,0.0,118.2,0.0,102.4,0.0,35.1,0.0
0132230AR,102.01,730.93,1264.0,0.0,0.67,58.8,0.0,204.9,0.0,25.3,0.0,180.2,0.0,182.3,0.0,55.6,0.0
0132240AR,936.25,378.03,14.0,0.0,1.0,61.7,0.0,226.7,0.0,29.1,0.0,194.1,0.0,201.7,0.0,58.0,0.0
0132241AR,819.44,452.86,22.0,0.0,1.0,61.7,0.0,226.7,0.0,29.1,0.0,194.1,0.0,201.7,0.0,58.0,0.0
0132244AR,928.61,429.69,105.0,0.0,1.0,61.7,0.0,226.7,0.0,29.1,0.0,194.1,0.0,201.7,0.0,58.0,0.0
0132245AR,541.05,327.02,109.0,0.0,0.67,42.8,0.0,168.8,0.0,19.9,0.0,132.7,0.0,150.2,0.0,43.5,0.0
0132254AR,918.8,314.14,24.0,0.0,1.0,61.7,0.0,226.7,0.0,29.1,0.0,194.1,0.0,201.7,0.0,58.0,0.0
0132259AR,204.64,806.39,146.0,0.0,1.0,61.7,0.0,226.7,0.0,29.1,0.0,194.1,0.0,201.7,0.0,58.0,0.0
0132269AR,737.3,48.21,3343.0,0.0,1.0,61.7,0.0,222.0,0.0,29.1,0.0,193.4,0.0,193.3,0.0,58.0,0.0
0132270AR,99.47,456.77,2608.0,0.0,0.83,61.7,0.0,219.6,0.0,29.1,0.0,193.4,0.0,194.9,0.0,58.0,0.0
0132276AR,799.57,377.32,22.0,0.0,1.0,61.7,0.0,226.7,0.0,29.1,0.0,194.1,0.0,201.7,0.0,58.0,0.0
0132278AR,790.66,198.51,11.0,1.0,1.0,61.7,0.057,226.7,0.221,29.1,0.027,194.1,0.215,201.7,0.194,58.0,0.056
0132283AR,925.59,418.08,11.0,0.0,1.0,61.7,0.0,226.7,0.0,29.1,0.0,194.1,0.0,201.7,0.0,58.0,0.0
0132285AR,515.57,282.83,717.0,0.0,0.67,48.9,0.0,179.5,0.0,19.9,0.0,149.9,0.0,159.7,0.0,45.9,0.0
0132290AR,812.0,1018.0,35.0,0.0,0.5,38.6,0.0,136.4,0.0,17.2,0.0,124.8,0.0,121.3,0.0,34.4,0.0
0132295AR,829.71,148.07,25.0,1.0,0.5,30.8,0.057,107.4,0.217,14.0,0.027,94.4,0.215,95.6,0.191,27.8,0.056
0132296AR,471.29,440.25,171.0,0.0,0.83,61.3,0.0,221.4,0.0,26.9,0.0,188.2,0.0,197.5,0.0,58.0,0.0
0132297AR,909.42,279.89,10.0,0.0,1.0,61.7,0.0,226.7,0.0,29.1,0.0,194.1,0.0,201.7,0.0,58.0,0.0
0132299AR,814.65,435.05,205693.0,0.0,1.0,61.7,0.0,226.7,0.0,29.1,0.0,194.1,0.0,201.7,0.0,58.0,0.0
0132302AR,895.55,739.65,192.0,1.0,1.0,61.7,0.057,226.7,0.221,29.1,0.027,194.1,0.215,201.7,0.194,58.0,0.056
0132305AR,933.92,1050.26,6898.0,1.0,0.0,26.7,0.057,125.8,0.221,10.2,0.027,93.1,0.215,120.3,0.194,30.8,0.056
0132306AR,241.06,110.61,410.0,0.0,0.5,32.1,0.0,108.6,0.0,18.3,0.0,93.7,0.0,96.7,0.0,35.7,0.0
0132312AR,308.52,60.75,48828.0,0.0,1.0,61.7,0.0,219.6,0.0,29.1,0.0,194.1,0.0,195.4,0.0,58.0,0.0
0132313AR,399.73,57.83,49978.0,0.0,1.0,61.7,0.0,226.7,0.0,29.1,0.0,194.1,0.0,201.7,0.0,58.0,0.0
0132314AR,198.93,859.48,42.0,0.0,0.83,57.1,0.0,196.0,0.0,25.9,0.0,172.3,0.0,174.4,0.0,53.8,0.0
0132325AR,345.13,413.49,55.0,0.0,1.0,61.7,0.0,226.7,0.0,29.1,0.0,194.1,0.0,201.7,0.0,58.0,0.0
0132337AR,178.92,620.14,271.0,0.0,1.0,61.7,0.0,226.7,0.0,29.1,0.0,194.1,0.0,201.7,0.0,58.0,0.0
0132341AR,1024.71,706.19,4.0,1.0,1.0,61.7,0.057,226.7,0.221,29.1,0.027,194.1,0.215,201.7,0.194,58.0,0.056
0132342AR,800.87,957.06,1082.0,0.0,1.0,58.0,0.0,217.9,0.0,29.1,0.0,184.9,0.0,193.8,0.0,56.8,0.0
0132344AR,812.93,428.0,205797.0,0.0,1.0,61.7,0.0,226.7,0.0,29.1,0.0,194.1,0.0,201.7,0.0,58.0,0.0
0132362AR,881.99,174.88,16.0,1.0,1.0,61.7,0.057,226.7,0.221,29.1,0.027,194.1,0.215,201.7,0.194,58.0,0.056
0132373AR,392.02,385.55,2112.0,0.0,1.0,61.7,0.0,226.7,0.0,29.1,0.0,194.1,0.0,201.7,0.0,58.0,0.0
0132374AR,788.67,932.4,1846.0,0.0,1.0,57.6,0.0,214.3,0.0,29.1,0.0,181.6,0.0,189.6,0.0,56.2,0.0
0132375AR,925.21,337.26,20.0,0.0,1.0,61.7,0.0,226.7,0.0,29.1,0.0,194.1,0.0,201.7,0.0,58.0,0.0
0132377AR,890.29,82.35,509.0,1.0,0.5,44.0,0.057,169.4,0.221,18.9,0.027,141.3,0.215,150.8,0.194,38.7,0.056
0132383AR,827.08,166.76,7586.0,1.0,1.0,61.7,0.057,226.7,0.221,29.1,0.027,194.1,0.215,201.7,0.194,58.0,0.056
0132389AR,883.11,180.82,28.0,1.0,1.0,61.7,0.057,226.7,0.221,29.1,0.027,194.1,0.215,201.7,0.194,58.0,0.056
0132390AR,114.56,421.02,2987.0,0.0,0.67,30.8,0.0,109.2,0.0,18.3,0.0,89.1,0.0,94.0,0.0,35.7,0.0
0132393AR,351.46,758.88,12.0,0.0,0.67,49.7,0.0,155.3,0.0,24.2,0.0,147.9,0.0,136.0,0.0,46.5,0.0
0132400AR,1076.46,897.81,103.0,1.0,1.0,61.7,0.057,226.7,0.221,29.1,0.027,194.1,0.215,201.7,0.194,58.0,0.056
0132404AR,899.17,750.71,15.0,1.0,1.0,61.7,0.057,226.7,0.221,29.1,0.027,194.1,0.215,201.7,0.194,58.0,0.056
0132411AR,370.92,397.84,1124.0,0.0,1.0,61.7,0.0,226.7,0.0,29.1,0.0,194.1,0.0,201.7,0.0,58.0,0.0
0132412AR,817.76,46.09,842.0,1.0,1.0,61.7,0.057,196.6,0.221,29.1,0.027,186.8,0.215,174.9,0.194,58.0,0.056
0132422AR,505.66,265.13,22.0,0.0,0.83,46.9,0.0,181.8,0.0,22.1,0.0,147.9,0.0,162.8,0.0,45.3,0.0
0132428AR,879.39,87.95,546217.0,1.0,0.5,36.6,0.057,126.3,0.221,15.1,0.027,112.9,0.215,112.4,0.194,33.8,0.056
0132436AR,764.95,922.14,14.0,0.69,0.67,41.9,0.048,124.6,0.145,19.4,0.024,123.5,0.162,110.8,0.127,36.9,0.042
0132442AR,982.8,629.81,35.0,0.0,1.0,61.7,0.0,226.7,0.0,29.1,0.0,194.1,0.0,201.7,0.0,58.0,0.0
0132443AR,1088.78,944.34,211.0,1.0,1.0,61.7,0.057,226.7,0.221,29.1,0.027,194.1,0.215,201.7,0.194,58.0,0.056
0132444AR,1042.9,1065.97,20.0,0.0,1.0,61.7,0.0,226.7,0.0,29.1,0.0,194.1,0.0,201.7,0.0,58.0,0.0
0132445AR,950.12,430.25,4.0,0.0,1.0,61.7,0.0,226.7,0.0,29.1,0.0,194.1,0.0,201.7,0.0,58.0,0.0
0132448AR,1071.86,880.04,130.0,1.0,1.0,61.7,0.057,226.7,0.221,29.1,0.027,194.1,0.215,201.7,0.194,58.0,0.056
0132451AR,969.5,501.74,17.0,0.0,1.0,61.7,0.0,226.7,0.0,29.1,0.0,194.1,0.0,201.7,0.0,58.0,0.0
0132455AR,275.92,414.89,336.0,1.0,0.67,35.8,0.057,146.4,0.221,19.4,0.027,110.3,0.215,130.3,0.194,42.3,0.056
0132459AR,1006.14,717.44,26.0,0.78,0.5,45.2,0.048,150.5,0.169,21.5,0.024,136.0,0.171,133.9,0.149,38.7,0.049
0132461AR,325.53,60.16,49031.0,0.0,1.0,61.7,0.0,210.8,0.0,29.1,0.0,188.8,0.0,184.9,0.0,58.0,0.0
0132467AR,1013.01,1061.36,583.0,0.0,1.0,61.7,0.0,226.7,0.0,29.1,0.0,194.1,0.0,201.7,0.0,58.0,0.0
0132468AR,309.14,739.78,950.0,0.0,0.83,61.7,0.0,221.4,0.0,29.1,0.0,192.8,0.0,197.0,0.0,57.4,0.0
0132469AR,436.62,386.22,54.0,0.0,1.0,61.7,0.0,226.1,0.0,29.1,0.0,194.1,0.0,201.2,0.0,58.0,0.0
0132472AR,317.53,497.2,51625.0,0.0,1.0,61.7,0.0,226.7,0.0,29.1,0.0,194.1,0.0,201.7,0.0,58.0,0.0
0132473AR,473.21,102.24,51732.0,1.0,0.67,40.7,0.057,161.8,0.221,22.6,0.027,129.4,0.215,144.4,0.194,45.9,0.056
0132474AR,374.05,530.87,215.0,0.0,1.0,61.7,0.0,226.7,0.0,29.1,0.0,194.1,0.0,201.7,0.0,58.0,0.0
0132479AR,883.31,91.28,9.0,1.0,0.67,57.1,0.057,203.1,0.221,24.2,0.027,178.3,0.215,181.2,0.194,49.6,0.056
0132484AR,851.9,119.69,545143.0,1.0,0.33,29.2,0.057,108.0,0.217,12.9,0.027,89.8,0.215,96.1,0.191,26.6,0.056
0132493AR,999.77,613.01,7.0,0.0,1.0,61.7,0.0,226.7,0.0,29.1,0.0,194.1,0.0,201.7,0.0,58.0,0.0
0132494AR,623.28,996.14,10.0,0.0,1.0,61.7,0.0,226.7,0.0,29.1,0.0,194.1,0.0,201.7,0.0,58.0,0.0
0132496AR,810.94,474.32,194408.0,0.0,1.0,61.7,0.0,226.7,0.0,29.1,0.0,194.1,0.0,201.7,0.0,58.0,0.0
0132502AR,1098.02,978.91,72.0,0.0,1.0,61.7,0.0,226.1,0.0,29.1,0.0,193.4,0.0,201.2,0.0,58.0,0.0
0132504AR,393.0,58.0,49885.0,0.0,1.0,61.7,0.0,226.7,0.0,29.1,0.0,194.1,0.0,201.7,0.0,58.0,0.0
0132505AR,248.96,770.92,151.0,0.0,0.67,48.5,0.0,181.8,0.0,19.4,0.0,151.2,0.0,161.8,0.0,44.7,0.0
0132506AR,475.35,172.07,53549.0,1.0,0.67,38.2,0.057,149.4,0.221,21.5,0.027,112.9,0.215,132.9,0.194,43.5,0.056
0132508AR,326.85,512.1,51116.0,0.0,1.0,61.7,0.0,226.7,0.0,29.1,0.0,194.1,0.0,201.7,0.0,58.0,0.0
0132518AR,459.26,172.0,7.0,1.0,0.5,25.1,0.057,73.8,0.193,15.6,0.027,73.9,0.215,65.7,0.17,23.0,0.056
0132520AR,64.16,587.91,143.0,0.0,1.0,61.7,0.0,226.7,0.0,29.1,0.0,194.1,0.0,201.7,0.0,58.0,0.0
0132532AR,976.0,606.0,56.0,0.0,1.0,61.7,0.0,226.7,0.0,29.1,0.0,194.1,0.0,201.7,0.0,58.0,0.0
0132534AR,429.02,495.63,318.0,0.0,1.0,61.7,0.0,226.7,0.0,29.1,0.0,194.1,0.0,201.7,0.0,58.0,0.0
0132539AR,916.25,383.2,10.0,0.0,1.0,61.7,0.0,226.7,0.0,29.1,0.0,194.1,0.0,201.7,0.0,58.0,0.0
0132547AR,1120.31,1065.87,36.0,0.0,0.83,61.7,0.0,224.9,0.0,29.1,0.0,192.1,0.0,200.1,0.0,58.0,0.0
0132553AR,756.93,904.1,6.0,1.0,0.67,40.7,0.057,121.0,0.21,19.4,0.027,120.2,0.215,107.7,0.185,36.3,0.056
0132554AR,894.36,68.61,547244.0,1.0,0.5,26.7,0.057,92.1,0.221,12.9,0.027,83.8,0.215,81.9,0.194,24.2,0.056
0132558AR,329.9,517.54,50428.0,0.0,1.0,61.7,0.0,226.7,0.0,29.1,0.0,194.1,0.0,201.7,0.0,58.0,0.0
0132561AR,301.32,471.59,52656.0,0.0,1.0,61.7,0.0,226.7,0.0,29.1,0.0,194.1,0.0,201.7,0.0,58.0,0.0
0132566AR,159.13,604.04,983.0,0.0,1.0,61.7,0.0,226.7,0.0,29.1,0.0,194.1,0.0,201.7,0.0,58.0,0.0
0132576AR,349.37,59.31,49349.0,0.0,1.0,61.7,0.0,217.9,0.0,29.1,0.0,194.1,0.0,193.8,0.0,58.0,0.0
0132578AR,501.46,359.63,5.0,0.0,1.0,61.7,0.0,226.7,0.0,29.1,0.0,194.1,0.0,201.7,0.0,58.0,0.0
0132580AR,799.93,430.87,441.0,0.0,0.67,55.5,0.0,165.9,0.0,27.5,0.0,161.7,0.0,147.6,0.0,50.8,0.0
0132581AR,184.38,651.64,2806.0,0.0,1.0,61.7,0.0,226.7,0.0,29.1,0.0,194.1,0.0,201.7,0.0,58.0,0.0
0132584AR,887.89,1043.54,6393.0,1.0,0.17,30.4,0.057,128.7,0.221,8.1,0.027,96.4,0.215,122.9,0.194,29.0,0.056
0132586AR,85.89,490.64,2196.0,0.0,0.83,48.1,0.0,160.6,0.0,28.0,0.0,144.6,0.0,142.9,0.0,52.0,0.0
0132588AR,123.07,399.13,3219.0,0.0,0.83,35.8,0.0,131.7,0.0,20.5,0.0,107.6,0.0,116.6,0.0,39.3,0.0
0132589AR,266.96,400.17,432.0,1.0,0.67,35.8,0.057,143.5,0.221,19.9,0.027,107.6,0.215,129.2,0.194,41.7,0.056
0132591AR,229.97,794.02,66.0,0.0,1.0,61.7,0.0,226.7,0.0,29.1,0.0,194.1,0.0,201.7,0.0,58.0,0.0
0132592AR,474.31,131.25,52544.0,1.0,0.67,39.5,0.057,151.7,0.221,19.9,0.027,119.5,0.215,135.5,0.194,42.3,0.056
0132594AR,971.48,588.78,27.0,0.0,1.0,61.7,0.0,226.7,0.0,29.1,0.0,194.1,0.0,201.7,0.0,58.0,0.0
0132605AR,893.73,221.99,41.0,1.0,1.0,61.7,0.057,226.7,0.221,29.1,0.027,194.1,0.215,201.7,0.194,58.0,0.056
0132610AR,846.08,45.12,1137.0,1.0,1.0,61.7,0.057,207.2,0.221,29.1,0.027,191.5,0.215,180.2,0.194,58.0,0.056
0132616AR,320.49,60.3,48975.0,0.0,1.0,61.7,0.0,224.3,0.0,29.1,0.0,194.1,0.0,198.0,0.0,58.0,0.0
0132618AR,773.65,330.25,1855.0,0.0,1.0,61.7,0.0,213.7,0.0,29.1,0.0,192.1,0.0,188.6,0.0,58.0,0.0
0132628AR,412.69,371.84,3277.0,0.0,1.0,61.7,0.0,226.7,0.0,29.1,0.0,194.1,0.0,201.7,0.0,58.0,0.0
0132630AR,922.29,325.76,13.0,0.0,1.0,61.7,0.0,226.7,0.0,29.1,0.0,194.1,0.0,201.7,0.0,58.0,0.0
0132641AR,968.0,577.0,58.0,0.0,1.0,61.7,0.0,226.7,0.0,29.1,0.0,194.1,0.0,201.7,0.0,58.0,0.0
0132642AR,794.88,412.08,630.0,0.0,0.67,55.1,0.0,166.5,0.0,26.9,0.0,162.4,0.0,148.1,0.0,48.3,0.0
0132644AR,879.89,114.37,30.0,1.0,1.0,61.7,0.057,226.7,0.221,29.1,0.027,194.1,0.215,201.7,0.194,58.0,0.056
0132645AR,963.92,559.44,24.0,0.0,1.0,61.7,0.0,226.7,0.0,29.1,0.0,194.1,0.0,201.7,0.0,58.0,0.0
0132646AR,182.34,625.18,259.0,0.0,1.0,61.7,0.0,226.7,0.0,29.1,0.0,194.1,0.0,201.7,0.0,58.0,0.0
0132650AR,961.14,547.73,30.0,0.0,1.0,61.7,0.0,226.7,0.0,29.1,0.0,194.1,0.0,201.7,0.0,58.0,0.0
0132655AR,216.75,800.43,155.0,0.0,1.0,61.7,0.0,226.7,0.0,29.1,0.0,194.1,0.0,201.7,0.0,58.0,0.0
0132662AR,780.77,914.76,2273.0,0.97,1.0,58.8,0.055,217.9,0.193,28.0,0.027,185.5,0.18,193.8,0.17,55.0,0.056
0132674AR,93.44,645.35,7.0,0.0,0.83,7.0,0.0,36.6,0.0,1.6,0.0,29.7,0.0,34.1,0.0,6.0,0.0
0132678AR,858.86,44.78,1321.0,1.0,1.0,61.7,0.057,201.3,0.221,29.1,0.027,188.8,0.215,179.1,0.194,58.0,0.056
0132685AR,41.93,599.02,285.0,0.0,1.0,61.7,0.0,220.2,0.0,29.1,0.0,191.5,0.0,195.9,0.0,58.0,0.0
0132686AR,816.19,985.71,295.0,0.0,1.0,58.4,0.0,217.9,0.0,29.1,0.0,184.9,0.0,193.8,0.0,56.8,0.0
0132690AR,150.77,795.15,14534.0,0.0,0.67,41.5,0.0,155.9,0.0,19.4,0.0,130.1,0.0,138.7,0.0,39.3,0.0
0132692AR,610.0,262.0,11.0,0.0,0.5,35.4,0.0,107.4,0.0,17.2,0.0,106.3,0.0,95.6,0.0,33.8,0.0
0132702AR,816.0,181.0,18.0,1.0,1.0,61.7,0.057,226.7,0.221,29.1,0.027,194.1,0.215,201.7,0.194,58.0,0.056
0132704AR,185.47,630.18,35.0,0.0,1.0,61.7,0.0,226.7,0.0,29.1,0.0,194.1,0.0,201.7,0.0,58.0,0.0
0132707AR,261.52,391.9,83.0,1.0,0.67,41.1,0.057,159.4,0.221,20.5,0.027,123.5,0.215,137.6,0.194,42.9,0.056
0132713AR,1050.17,799.11,101.0,1.0,1.0,61.7,0.057,226.7,0.221,29.1,0.027,194.1,0.215,201.7,0.194,58.0,0.056
0132717AR,492.4,382.44,26587.0,0.0,1.0,61.7,0.0,226.7,0.0,29.1,0.0,194.1,0.0,201.7,0.0,58.0,0.0
0132725AR,979.06,536.63,12.0,0.0,1.0,61.7,0.0,226.7,0.0,29.1,0.0,194.1,0.0,201.7,0.0,58.0,0.0
0132728AR,994.95,595.19,8.0,0.0,1.0,61.7,0.0,226.7,0.0,29.1,0.0,194.1,0.0,201.7,0.0,58.0,0.0
0132730AR,809.55,1022.41,14.0,0.0,0.5,38.2,0.0,132.8,0.0,15.6,0.0,117.5,0.0,118.2,0.0,31.4,0.0
0132733AR,1021.18,694.17,8.0,0.58,1.0,61.7,0.041,226.7,0.121,29.1,0.024,194.1,0.136,201.7,0.106,58.0,0.035
0132737AR,1036.74,1065.3,65.0,0.0,1.0,61.7,0.0,226.7,0.0,29.1,0.0,194.1,0.0,201.7,0.0,58.0,0.0
0132742AR,116.1,751.41,335.0,0.0,0.83,57.6,0.0,201.3,0.0,26.4,0.0,175.6,0.0,179.1,0.0,54.4,0.0
0132747AR,1022.8,700.42,5.0,0.97,1.0,61.7,0.057,226.7,0.2,29.1,0.027,194.1,0.202,201.7,0.176,58.0,0.056
0132752AR,1068.73,868.73,2694.0,1.0,1.0,61.7,0.057,226.7,0.221,29.1,0.027,194.1,0.215,201.7,0.194,58.0,0.056
0132755AR,522.62,295.03,519.0,0.0,0.67,48.1,0.0,177.1,0.0,19.9,0.0,146.6,0.0,156.5,0.0,45.9,0.0
0132761AR,296.8,60.88,48679.0,0.0,1.0,61.7,0.0,217.9,0.0,29.1,0.0,194.1,0.0,193.8,0.0,58.0,0.0
0132767AR,433.14,57.08,50397.0,0.0,1.0,61.7,0.0,208.4,0.0,29.1,0.0,190.8,0.0,185.4,0.0,58.0,0.0
0132778AR,446.32,57.11,50581.0,0.0,1.0,61.7,0.0,193.1,0.0,29.1,0.0,187.5,0.0,167.6,0.0,58.0,0.0
0132781AR,304.18,476.14,52472.0,0.0,1.0,61.7,0.0,226.7,0.0,29.1,0.0,194.1,0.0,201.7,0.0,58.0,0.0
0132782AR,179.65,818.65,9.0,0.0,1.0,61.7,0.0,226.7,0.0,29.1,0.0,194.1,0.0,201.7,0.0,58.0,0.0
0132797AR,765.63,299.37,2219.0,0.0,1.0,61.7,0.0,207.8,0.0,29.1,0.0,188.2,0.0,185.4,0.0,58.0,0.0
0132807AR,542.83,53.86,932.0,0.0,1.0,61.7,0.0,196.6,0.0,29.1,0.0,187.5,0.0,174.9,0.0,58.0,0.0
0132808AR,497.34,379.32,26779.0,0.0,1.0,61.7,0.0,225.5,0.0,29.1,0.0,194.1,0.0,200.7,0.0,58.0,0.0
0132809AR,804.23,999.77,9.0,0.0,0.67,40.3,0.0,121.6,0.0,19.9,0.0,120.2,0.0,108.2,0.0,36.9,0.0
0132820AR,456.46,94.11,70.0,1.0,0.5,23.0,0.057,75.6,0.193,14.5,0.027,68.7,0.215,63.0,0.17,21.8,0.056
0132826AR,101.24,452.49,2646.0,0.0,0.83,61.3,0.0,217.9,0.0,29.1,0.0,188.2,0.0,193.8,0.0,58.0,0.0
0132830AR,483.02,55.91,145.0,0.0,1.0,61.7,0.0,207.8,0.0,29.1,0.0,190.8,0.0,184.9,0.0,58.0,0.0
0132837AR,790.52,393.69,18.0,0.0,0.83,53.4,0.0,162.9,0.0,23.7,0.0,159.1,0.0,149.2,0.0,46.5,0.0
0132847AR,307.8,481.63,52185.0,0.0,1.0,61.7,0.0,226.7,0.0,29.1,0.0,194.1,0.0,201.7,0.0,58.0,0.0
0132860AR,89.73,710.37,2665.0,0.0,0.83,58.4,0.0,207.2,0.0,28.0,0.0,179.6,0.0,184.4,0.0,56.2,0.0
0132861AR,999.94,694.12,16.0,0.0,1.0,61.7,0.0,221.4,0.0,29.1,0.0,194.1,0.0,197.0,0.0,58.0,0.0
0132866AR,936.46,459.05,94.0,0.0,1.0,61.7,0.0,226.7,0.0,29.1,0.0,194.1,0.0,201.7,0.0,58.0,0.0
0132869AR,451.97,390.66,22.0,0.0,1.0,61.7,0.0,226.7,0.0,29.1,0.0,194.1,0.0,201.7,0.0,58.0,0.0
0132870AR,891.19,722.33,6.0,1.0,1.0,61.7,0.057,226.7,0.221,29.1,0.027,194.1,0.215,201.7,0.194,58.0,0.056
0132871AR,1091.8,955.67,100.0,0.17,1.0,61.7,0.007,226.7,0.048,29.1,0.0,194.1,0.044,201.7,0.042,58.0,0.004
0132886AR,298.07,746.03,674.0,0.0,0.5,30.4,0.0,96.8,0.0,14.0,0.0,90.4,0.0,86.1,0.0,25.4,0.0
0132892AR,223.22,797.27,85.0,0.0,1.0,61.7,0.0,226.7,0.0,29.1,0.0,194.1,0.0,201.7,0.0,58.0,0.0
0132902AR,862.63,121.11,8.0,1.0,0.83,61.7,0.057,224.3,0.221,28.6,0.027,191.5,0.215,200.7,0.194,57.4,0.056
0132905AR,61.72,550.7,1398.0,0.0,0.83,44.4,0.0,149.4,0.0,25.9,0.0,128.7,0.0,132.9,0.0,48.3,0.0
0132920AR,842.48,541.04,4620.0,0.0,1.0,61.7,0.0,226.7,0.0,29.1,0.0,194.1,0.0,201.7,0.0,58.0,0.0
0132927AR,613.56,276.02,75.0,0.0,0.67,38.2,0.0,115.1,0.0,18.3,0.0,110.9,0.0,102.4,0.0,32.0,0.0
0132928AR,1010.49,653.85,6.0,0.58,1.0,61.7,0.039,226.7,0.121,29.1,0.021,194.1,0.132,201.7,0.106,58.0,0.035
0132931AR,920.48,320.26,17.0,0.0,1.0,61.7,0.0,226.7,0.0,29.1,0.0,194.1,0.0,201.7,0.0,58.0,0.0
0132935AR,959.41,542.01,36.0,0.0,1.0,61.7,0.0,226.7,0.0,29.1,0.0,194.1,0.0,201.7,0.0,58.0,0.0
0132936AR,926.89,343.24,10.0,0.0,1.0,61.7,0.0,226.7,0.0,29.1,0.0,194.1,0.0,201.7,0.0,58.0,0.0
0132937AR,512.38,277.11,805.0,0.0,0.67,45.2,0.0,174.8,0.0,19.9,0.0,138.6,0.0,157.1,0.0,42.9,0.0
0132938AR,945.67,412.57,21.0,0.0,1.0,61.7,0.0,226.7,0.0,29.1,0.0,194.1,0.0,201.7,0.0,58.0,0.0
0132939AR,48.75,582.11,443.0,0.0,0.83,61.3,0.0,214.9,0.0,28.0,0.0,187.5,0.0,193.3,0.0,56.8,0.0
0132944AR,159.55,806.36,13933.0,0.0,0.67,48.5,0.0,169.4,0.0,23.2,0.0,149.2,0.0,153.9,0.0,46.5,0.0
0132945AR,788.65,387.18,900.0,0.0,0.83,58.4,0.0,174.8,0.0,28.0,0.0,172.3,0.0,158.6,0.0,53.8,0.0
0132954AR,863.56,105.16,545591.0,1.0,0.33,23.0,0.057,80.9,0.221,11.9,0.027,70.0,0.215,75.6,0.194,23.0,0.056
0132955AR,170.46,819.91,13305.0,0.0,1.0,61.7,0.0,216.7,0.0,29.1,0.0,191.5,0.0,189.6,0.0,58.0,0.0
0132961AR,457.55,128.14,35.0,0.94,0.5,19.3,0.057,64.4,0.183,12.4,0.027,62.1,0.206,57.3,0.161,16.3,0.056
0132965AR,878.26,138.76,28.0,1.0,1.0,61.7,0.057,226.7,0.221,29.1,0.027,194.1,0.215,201.7,0.194,58.0,0.056
0132968AR,571.17,53.26,1283.0,0.0,1.0,61.7,0.0,202.5,0.0,29.1,0.0,189.5,0.0,171.8,0.0,58.0,0.0
0132971AR,879.89,162.86,33.0,1.0,1.0,61.7,0.057,226.7,0.221,29.1,0.027,194.1,0.215,201.7,0.194,58.0,0.056
0132972AR,1070.43,874.77,71.0,1.0,1.0,61.7,0.057,226.7,0.221,29.1,0.027,194.1,0.215,201.7,0.194,58.0,0.056
0132978AR,803.05,390.75,206144.0,0.0,1.0,61.7,0.0,226.7,0.0,29.1,0.0,194.1,0.0,201.7,0.0,58.0,0.0
0132981AR,985.58,559.83,7.0,0.0,1.0,61.7,0.0,226.7,0.0,29.1,0.0,194.1,0.0,201.7,0.0,58.0,0.0
0132983AR,870.89,215.73,1697.0,1.0,1.0,59.2,0.057,218.4,0.221,29.1,0.027,187.5,0.215,194.4,0.194,56.8,0.056
0132992AR,1082.6,920.89,203.0,1.0,1.0,61.7,0.057,226.7,0.221,29.1,0.027,194.1,0.215,201.7,0.194,58.0,0.056
0132996AR,191.04,640.3,11.0,0.0,1.0,61.7,0.0,226.7,0.0,29.1,0.0,194.1,0.0,201.7,0.0,58.0,0.0
0132999AR,192.54,849.03,41.0,0.0,0.67,52.2,0.0,183.6,0.0,22.6,0.0,155.8,0.0,161.3,0.0,50.8,0.0
0133005AR,1085.33,1065.41,15.0,0.28,1.0,61.7,0.014,226.7,0.072,29.1,0.003,194.1,0.066,201.7,0.064,58.0,0.011
0133007AR,518.0,366.25,9.0,0.0,1.0,61.7,0.0,226.7,0.0,29.1,0.0,194.1,0.0,201.7,0.0,58.0,0.0
0133010AR,618.45,971.06,832.0,0.0,0.5,47.7,0.0,174.2,0.0,17.2,0.0,140.0,0.0,155.5,0.0,49.6,0.0
0133013AR,524.59,54.39,693.0,0.0,1.0,61.7,0.0,204.9,0.0,29.1,0.0,194.1,0.0,182.3,0.0,58.0,0.0
0133014AR,908.08,273.84,22.0,0.0,1.0,61.7,0.0,226.7,0.0,29.1,0.0,194.1,0.0,201.7,0.0,58.0,0.0
0133016AR,817.85,447.33,205576.0,0.0,1.0,61.7,0.0,226.7,0.0,29.1,0.0,194.1,0.0,201.7,0.0,58.0,0.0
0133025AR,190.07,235.73,258.0,0.0,0.83,39.5,0.0,143.5,0.0,23.7,0.0,120.2,0.0,127.6,0.0,44.7,0.0
0133027AR,840.47,45.36,1136.0,1.0,1.0,61.7,0.057,200.1,0.221,29.1,0.027,189.5,0.215,178.1,0.194,58.0,0.056
0133037AR,194.51,224.37,400.0,0.0,0.67,43.2,0.0,144.6,0.0,23.2,0.0,126.1,0.0,127.1,0.0,45.9,0.0
0133044AR,383.84,524.78,18.0,0.0,1.0,61.7,0.0,226.7,0.0,29.1,0.0,194.1,0.0,201.7,0.0,58.0,0.0
0133045AR,981.29,623.84,134.0,0.0,1.0,61.7,0.0,226.7,0.0,29.1,0.0,194.1,0.0,201.7,0.0,58.0,0.0
0133049AR,483.09,388.15,24082.0,0.0,1.0,61.7,0.0,226.7,0.0,29.1,0.0,194.1,0.0,201.7,0.0,58.0,0.0
0133051AR,330.45,422.87,183.0,0.0,1.0,61.7,0.0,226.7,0.0,29.1,0.0,194.1,0.0,201.7,0.0,58.0,0.0
0133055AR,895.68,58.08,547437.0,1.0,0.5,27.5,0.057,83.2,0.21,15.1,0.027,81.9,0.215,69.9,0.185,18.7,0.056
0133058AR,1025.96,712.17,5.0,1.0,1.0,61.7,0.057,226.7,0.221,29.1,0.027,194.1,0.215,201.7,0.194,58.0,0.056
0133060AR,914.23,297.1,21.0,0.0,1.0,61.7,0.0,226.7,0.0,29.1,0.0,194.1,0.0,201.7,0.0,58.0,0.0
0133064AR,808.21,409.29,9.0,0.0,1.0,61.7,0.0,226.7,0.0,29.1,0.0,194.1,0.0,201.7,0.0,58.0,0.0
0133074AR,812.52,481.58,193918.0,0.0,1.0,61.7,0.0,226.7,0.0,29.1,0.0,194.1,0.0,201.7,0.0,58.0,0.0
0133078AR,957.87,536.19,29.0,0.0,1.0,61.7,0.0,226.7,0.0,29.1,0.0,194.1,0.0,201.7,0.0,58.0,0.0
0133080AR,878.51,144.65,98.0,1.0,1.0,61.7,0.057,226.7,0.221,29.1,0.027,194.1,0.215,201.7,0.194,58.0,0.056
0133081AR,487.57,385.37,24131.0,0.0,1.0,61.7,0.0,226.7,0.0,29.1,0.0,194.1,0.0,201.7,0.0,58.0,0.0
0133084AR,935.05,452.79,102.0,0.0,1.0,61.7,0.0,226.7,0.0,29.1,0.0,194.1,0.0,201.7,0.0,58.0,0.0
0133086AR,783.25,207.79,38.0,1.0,1.0,61.7,0.057,226.7,0.221,29.1,0.027,194.1,0.215,201.7,0.194,58.0,0.056
0133099AR,725.48,48.66,3193.0,0.0,1.0,61.3,0.0,211.9,0.0,29.1,0.0,190.8,0.0,188.0,0.0,58.0,0.0
0133101AR,727.09,305.87,11329.0,0.0,1.0,61.7,0.0,226.7,0.0,29.1,0.0,194.1,0.0,201.7,0.0,58.0,0.0
0133102AR,932.88,366.28,13.0,0.0,1.0,61.7,0.0,226.7,0.0,29.1,0.0,194.1,0.0,201.7,0.0,58.0,0.0
0133115AR,87.97,485.2,2251.0,0.0,0.83,61.3,0.0,213.1,0.0,29.1,0.0,189.5,0.0,189.1,0.0,58.0,0.0
0133119AR,914.21,1047.49,6658.0,1.0,0.0,27.1,0.057,119.3,0.221,4.8,0.027,87.1,0.215,106.1,0.194,24.2,0.056
0133120AR,334.92,419.82,186.0,0.0,1.0,61.7,0.0,226.7,0.0,29.1,0.0,194.1,0.0,201.7,0.0,58.0,0.0
0133123AR,83.68,699.94,2951.0,0.0,0.83,53.9,0.0,187.2,0.0,24.2,0.0,157.8,0.0,167.0,0.0,53.2,0.0
0133125AR,665.44,50.3,2434.0,0.0,1.0,61.7,0.0,194.2,0.0,29.1,0.0,186.2,0.0,167.6,0.0,58.0,0.0
0133129AR,146.31,789.77,14722.0,0.0,0.67,45.2,0.0,167.1,0.0,19.4,0.0,142.6,0.0,148.7,0.0,44.1,0.0
0133136AR,162.59,302.14,4285.0,0.0,0.83,39.9,0.0,132.8,0.0,23.7,0.0,116.2,0.0,118.2,0.0,43.5,0.0
0133137AR,1019.22,1062.49,629.0,0.0,1.0,61.7,0.0,226.7,0.0,29.1,0.0,194.1,0.0,201.7,0.0,58.0,0.0
0133142AR,1116.04,1048.12,90.0,0.0,0.83,60.8,0.0,222.0,0.0,29.1,0.0,188.8,0.0,197.5,0.0,58.0,0.0
0133145AR,188.13,635.31,49.0,0.0,1.0,61.7,0.0,226.7,0.0,29.1,0.0,194.1,0.0,201.7,0.0,58.0,0.0
0133146AR,199.17,795.76,176.0,0.0,0.83,50.6,0.0,180.7,0.0,24.2,0.0,157.1,0.0,160.7,0.0,46.5,0.0
0133153AR,690.51,49.52,2734.0,0.0,1.0,61.7,0.0,226.1,0.0,29.1,0.0,194.1,0.0,197.0,0.0,58.0,0.0
0133162AR,1107.22,1013.81,90.0,0.0,0.67,61.3,0.0,223.2,0.0,28.6,0.0,190.1,0.0,198.6,0.0,58.0,0.0
0133167AR,648.97,50.68,2230.0,0.0,1.0,60.8,0.0,184.8,0.0,28.0,0.0,182.2,0.0,164.4,0.0,55.6,0.0
0133168AR,785.33,374.88,1015.0,0.0,0.83,54.7,0.0,165.3,0.0,26.4,0.0,161.7,0.0,147.1,0.0,49.0,0.0
0133169AR,796.46,418.1,552.0,0.0,0.83,55.1,0.0,164.7,0.0,26.4,0.0,159.1,0.0,145.5,0.0,49.0,0.0
0133172AR,803.14,443.81,318.0,0.0,0.67,51.8,0.0,154.7,0.0,25.3,0.0,151.8,0.0,137.6,0.0,45.3,0.0
0133173AR,492.85,243.33,138673.0,0.0,1.0,61.7,0.0,226.7,0.0,29.1,0.0,194.1,0.0,201.7,0.0,58.0,0.0
0133176AR,814.79,488.63,193684.0,0.0,1.0,61.7,0.0,226.7,0.0,29.1,0.0,194.1,0.0,201.7,0.0,58.0,0.0
0133179AR,72.56,523.38,1758.0,0.0,0.67,55.1,0.0,199.0,0.0,24.8,0.0,171.6,0.0,175.4,0.0,52.6,0.0
0133194AR,824.25,472.04,12.0,0.0,1.0,61.7,0.0,226.7,0.0,29.1,0.0,194.1,0.0,201.7,0.0,58.0,0.0
0133203AR,470.78,379.11,10.0,0.0,0.83,60.8,0.0,212.5,0.0,29.1,0.0,184.2,0.0,189.1,0.0,58.0,0.0
0133204AR,143.89,601.43,1078.0,0.0,1.0,61.7,0.0,226.7,0.0,29.1,0.0,194.1,0.0,201.7,0.0,58.0,0.0
0133215AR,536.85,54.03,800.0,0.0,1.0,61.7,0.0,213.7,0.0,29.1,0.0,192.1,0.0,190.1,0.0,58.0,0.0
0133218AR,261.58,765.04,130.0,0.0,0.5,41.1,0.0,157.0,0.0,16.2,0.0,132.7,0.0,139.7,0.0,37.5,0.0
0133221AR,923.62,331.62,16.0,0.0,1.0,61.7,0.0,226.7,0.0,29.1,0.0,194.1,0.0,201.7,0.0,58.0,0.0
0133224AR,164.9,297.22,4337.0,0.0,0.83,34.1,0.0,118.7,0.0,21.5,0.0,99.7,0.0,105.6,0.0,38.1,0.0
0133227AR,576.55,52.92,1356.0,0.0,1.0,61.7,0.0,211.9,0.0,29.1,0.0,191.5,0.0,188.6,0.0,58.0,0.0
0133230AR,1118.96,1059.88,82.0,0.0,0.83,61.7,0.0,224.3,0.0,29.1,0.0,191.5,0.0,199.6,0.0,58.0,0.0
0133231AR,771.69,271.01,12.0,1.0,1.0,61.7,0.057,226.7,0.221,29.1,0.027,194.1,0.215,201.7,0.194,58.0,0.056
0133237AR,218.04,891.86,451.0,0.0,0.5,38.6,0.0,136.4,0.0,16.7,0.0,115.5,0.0,121.3,0.0,36.9,0.0
0133240AR,989.07,653.03,50.0,0.0,1.0,61.7,0.0,226.7,0.0,29.1,0.0,194.1,0.0,201.7,0.0,58.0,0.0
0133245AR,947.4,418.58,16.0,0.0,1.0,61.7,0.0,226.7,0.0,29.1,0.0,194.1,0.0,201.7,0.0,58.0,0.0
0133253AR,845.26,551.47,4546.0,0.0,1.0,61.7,0.0,226.7,0.0,29.1,0.0,194.1,0.0,201.7,0.0,58.0,0.0
0133254AR,271.63,407.66,415.0,1.0,0.67,37.8,0.057,146.4,0.221,19.4,0.027,114.9,0.215,127.1,0.194,40.5,0.056
0133256AR,781.96,362.23,1186.0,0.0,0.83,57.6,0.0,170.0,0.0,26.9,0.0,169.0,0.0,151.3,0.0,53.2,0.0
0133257AR,776.37,946.89,32.0,0.0,0.67,41.5,0.0,118.1,0.0,19.4,0.0,122.1,0.0,105.1,0.0,38.1,0.0
0133258AR,166.88,292.08,4395.0,0.0,0.83,37.0,0.0,129.3,0.0,24.2,0.0,108.9,0.0,115.0,0.0,39.9,0.0
0133259AR,313.9,491.73,51780.0,0.0,1.0,61.7,0.0,226.7,0.0,29.1,0.0,194.1,0.0,201.7,0.0,58.0,0.0
0133266AR,205.34,792.61,180.0,0.0,0.83,52.6,0.0,191.3,0.0,22.6,0.0,165.0,0.0,170.2,0.0,46.5,0.0
0133267AR,838.43,130.96,515852.0,1.0,0.83,55.5,0.057,198.4,0.221,24.2,0.027,175.6,0.215,180.7,0.194,48.3,0.056
0133268AR,564.8,53.2,1194.0,0.0,1.0,61.7,0.0,214.3,0.0,29.1,0.0,191.5,0.0,186.5,0.0,58.0,0.0
0133269AR,1025.1,1063.59,85.0,0.0,1.0,61.7,0.0,226.7,0.0,29.1,0.0,194.1,0.0,201.7,0.0,58.0,0.0
0133277AR,1108.19,1068.73,33.0,0.0,1.0,61.7,0.0,226.7,0.0,29.1,0.0,194.1,0.0,201.7,0.0,58.0,0.0
0133283AR,991.96,664.65,15.0,0.0,1.0,61.7,0.0,226.7,0.0,29.1,0.0,194.1,0.0,201.7,0.0,58.0,0.0
0133291AR,474.51,445.23,6.0,0.0,0.83,60.0,0.0,219.6,0.0,26.9,0.0,186.2,0.0,195.4,0.0,58.0,0.0
0133299AR,878.72,150.77,21.0,1.0,1.0,61.7,0.057,226.7,0.221,29.1,0.027,194.1,0.215,201.7,0.194,58.0,0.056
0133300AR,1005.69,636.07,6.0,0.0,1.0,61.7,0.0,226.7,0.0,29.1,0.0,194.1,0.0,201.7,0.0,58.0,0.0
0133310AR,794.53,944.5,1437.0,0.0,1.0,57.6,0.0,216.7,0.0,29.1,0.0,182.9,0.0,191.7,0.0,57.4,0.0
0133311AR,1102.52,1067.72,85.0,0.0,1.0,61.7,0.0,226.7,0.0,29.1,0.0,194.1,0.0,201.7,0.0,58.0,0.0
0133317AR,169.76,661.08,1535.0,0.0,0.83,61.7,0.0,222.0,0.0,29.1,0.0,193.4,0.0,197.5,0.0,58.0,0.0
0133318AR,260.84,778.94,201.0,0.0,1.0,61.7,0.0,226.7,0.0,29.1,0.0,194.1,0.0,201.7,0.0,58.0,0.0
0133323AR,744.07,48.01,3394.0,0.0,1.0,61.7,0.0,214.3,0.0,29.1,0.0,192.1,0.0,190.7,0.0,58.0,0.0
0133326AR,221.07,897.28,748.0,0.0,0.5,37.4,0.0,138.7,0.0,17.2,0.0,115.5,0.0,125.5,0.0,36.9,0.0
0133328AR,416.86,57.36,50149.0,0.0,1.0,61.7,0.0,207.8,0.0,29.1,0.0,194.1,0.0,184.9,0.0,58.0,0.0
0133329AR,684.41,49.82,2632.0,0.0,1.0,61.7,0.0,219.6,0.0,29.1,0.0,194.1,0.0,195.9,0.0,58.0,0.0
0133331AR,830.34,162.56,67.0,1.0,1.0,61.7,0.057,226.7,0.221,29.1,0.027,194.1,0.215,201.7,0.194,58.0,0.056
0133334AR,1081.05,914.66,50.0,1.0,1.0,61.7,0.057,226.7,0.221,29.1,0.027,194.1,0.215,201.7,0.194,58.0,0.056
0133335AR,588.07,52.69,1469.0,0.0,1.0,61.7,0.0,194.2,0.0,29.1,0.0,187.5,0.0,172.8,0.0,58.0,0.0
0133339AR,778.01,296.23,207100.0,0.0,1.0,61.7,0.0,226.7,0.0,29.1,0.0,194.1,0.0,201.7,0.0,58.0,0.0
0133340AR,1062.56,845.3,113.0,1.0,1.0,61.7,0.057,226.7,0.221,29.1,0.027,194.1,0.215,201.7,0.194,58.0,0.056
0133343AR,804.93,396.04,206070.0,0.0,1.0,61.7,0.0,226.7,0.0,29.1,0.0,194.1,0.0,201.7,0.0,58.0,0.0
0133354AR,461.77,424.88,13736.0,0.0,0.83,60.0,0.0,219.6,0.0,26.9,0.0,186.2,0.0,195.4,0.0,57.4,0.0
0133359AR,787.99,970.89,5.0,0.0,0.67,38.6,0.0,112.8,0.0,19.4,0.0,113.6,0.0,100.3,0.0,34.4,0.0
0133366AR,831.89,1013.57,834.0,0.0,1.0,60.4,0.0,217.3,0.0,29.1,0.0,182.9,0.0,194.9,0.0,58.0,0.0
0133367AR,255.23,767.68,154.0,0.0,0.5,37.8,0.0,158.2,0.0,15.6,0.0,128.1,0.0,140.8,0.0,33.2,0.0
0133370AR,798.04,371.44,27.0,0.0,1.0,61.7,0.0,226.7,0.0,29.1,0.0,194.1,0.0,201.7,0.0,58.0,0.0
0133377AR,1103.89,1002.05,50.0,0.0,1.0,61.3,0.0,224.9,0.0,29.1,0.0,192.1,0.0,200.1,0.0,58.0,0.0
0133379AR,767.05,305.8,2146.0,0.0,0.83,57.6,0.0,184.8,0.0,29.1,0.0,173.6,0.0,164.4,0.0,55.6,0.0
0133382AR,112.24,746.37,52.0,0.0,0.83,59.6,0.0,204.9,0.0,25.9,0.0,180.2,0.0,182.3,0.0,56.2,0.0
0133383AR,770.37,934.82,12.0,0.0,0.67,40.7,0.0,112.2,0.0,19.4,0.0,118.2,0.0,99.8,0.0,36.3,0.0
0133389AR,293.01,761.33,3527.0,0.0,1.0,45.6,0.0,145.8,0.0,24.2,0.0,136.7,0.0,129.7,0.0,47.1,0.0
0133395AR,604.0,972.0,86.0,0.0,0.83,54.3,0.0,198.4,0.0,24.2,0.0,173.6,0.0,176.5,0.0,48.3,0.0
0133397AR,246.72,94.61,576.0,0.0,0.5,42.3,0.0,136.4,0.0,19.9,0.0,121.5,0.0,121.3,0.0,42.9,0.0
0133398AR,792.1,400.13,763.0,0.0,0.67,52.6,0.0,161.2,0.0,24.2,0.0,154.5,0.0,143.4,0.0,44.7,0.0
0133401AR,355.93,59.2,49450.0,0.0,1.0,61.7,0.0,212.5,0.0,29.1,0.0,191.5,0.0,185.4,0.0,58.0,0.0
0133409AR,971.25,507.44,9.0,0.0,1.0,61.7,0.0,226.7,0.0,29.1,0.0,194.1,0.0,201.7,0.0,58.0,0.0
0133415AR,875.06,90.27,546156.0,1.0,0.33,25.9,0.057,87.4,0.217,13.5,0.027,77.9,0.215,81.9,0.191,24.8,0.056
0133416AR,838.58,118.32,788.0,1.0,0.5,32.5,0.057,132.2,0.21,14.0,0.027,101.0,0.202,117.7,0.185,29.6,0.056
0133417AR,912.46,291.03,11.0,0.0,1.0,61.7,0.0,226.7,0.0,29.1,0.0,194.1,0.0,201.7,0.0,58.0,0.0
0133421AR,474.18,467.01,41.0,0.0,1.0,61.7,0.0,226.7,0.0,29.1,0.0,194.1,0.0,201.7,0.0,58.0,0.0
0133423AR,852.3,44.81,68.0,1.0,1.0,61.7,0.057,199.5,0.221,29.1,0.027,188.8,0.215,177.5,0.194,58.0,0.056
0133429AR,979.94,618.34,243.0,0.0,1.0,61.7,0.0,226.7,0.0,29.1,0.0,194.1,0.0,201.7,0.0,58.0,0.0
0133431AR,325.07,743.58,4291.0,0.0,1.0,61.3,0.0,210.2,0.0,29.1,0.0,186.2,0.0,184.4,0.0,58.0,0.0
0133433AR,977.57,530.79,7.0,0.0,1.0,61.7,0.0,226.7,0.0,29.1,0.0,194.1,0.0,201.7,0.0,58.0,0.0
0133434AR,878.37,126.85,29.0,1.0,1.0,61.7,0.057,226.7,0.221,29.1,0.027,194.1,0.215,201.7,0.194,58.0,0.056
0133457AR,354.31,763.57,18.0,0.0,0.67,46.5,0.0,144.1,0.0,22.1,0.0,140.6,0.0,125.5,0.0,41.7,0.0
0133464AR,767.21,253.25,8.0,1.0,1.0,61.7,0.057,226.7,0.221,29.1,0.027,194.1,0.215,201.7,0.194,58.0,0.056
0133484AR,1059.35,833.71,152.0,1.0,1.0,61.7,0.057,226.7,0.221,29.1,0.027,194.1,0.215,201.7,0.194,58.0,0.056
0133485AR,160.31,308.32,4217.0,0.0,0.83,42.8,0.0,150.0,0.0,23.2,0.0,126.8,0.0,133.4,0.0,46.5,0.0
0133493AR,615.11,282.93,8.0,0.0,0.5,31.7,0.0,90.9,0.0,19.4,0.0,92.4,0.0,80.9,0.0,28.4,0.0
0133494AR,338.24,59.71,49202.0,0.0,1.0,61.7,0.0,199.5,0.0,29.1,0.0,188.2,0.0,177.5,0.0,58.0,0.0
0133502AR,1083.9,1072.09,19.0,0.0,1.0,61.7,0.0,226.7,0.003,29.1,0.0,194.1,0.0,201.7,0.003,58.0,0.0
0133503AR,829.27,45.69,927.0,1.0,1.0,61.7,0.057,201.9,0.221,29.1,0.027,188.2,0.215,179.6,0.194,58.0,0.056
0133516AR,495.11,398.75,1768.0,0.0,1.0,61.7,0.0,226.7,0.0,29.1,0.0,194.1,0.0,201.7,0.0,58.0,0.0
0133517AR,885.84,192.78,34.0,1.0,1.0,61.7,0.057,226.7,0.221,29.1,0.027,194.1,0.215,201.7,0.194,58.0,0.056
0133519AR,248.3,784.96,192.0,0.0,1.0,61.7,0.0,226.7,0.0,29.1,0.0,194.1,0.0,201.7,0.0,58.0,0.0
0133520AR,977.88,612.39,37.0,0.0,1.0,61.7,0.0,226.7,0.0,29.1,0.0,194.1,0.0,201.7,0.0,58.0,0.0
0133526AR,933.53,447.06,58.0,0.0,1.0,61.7,0.0,226.7,0.0,29.1,0.0,194.1,0.0,201.7,0.0,58.0,0.0
0133527AR,847.8,124.92,544480.0,1.0,0.83,54.7,0.057,194.8,0.221,25.3,0.027,161.7,0.215,173.3,0.194,54.4,0.056
0133531AR,59.42,599.47,42.0,0.0,1.0,61.7,0.0,226.7,0.0,29.1,0.0,194.1,0.0,201.7,0.0,58.0,0.0
0133539AR,911.72,365.73,38.0,0.0,1.0,61.7,0.0,226.7,0.0,29.1,0.0,194.1,0.0,201.7,0.0,58.0,0.0
0133545AR,1073.45,1063.49,14.0,0.92,1.0,61.7,0.057,226.7,0.186,29.1,0.027,194.1,0.202,201.7,0.164,58.0,0.056
0133547AR,1117.3,1053.53,125.0,0.0,0.83,61.7,0.0,223.8,0.0,29.1,0.0,190.8,0.0,199.6,0.0,58.0,0.0
0133549AR,867.53,100.2,545850.0,1.0,0.33,24.3,0.057,82.7,0.221,12.4,0.027,74.6,0.215,76.7,0.194,23.6,0.056
0133556AR,1079.17,1064.37,11.0,1.0,1.0,61.7,0.057,226.7,0.21,29.1,0.027,194.1,0.211,201.7,0.185,58.0,0.056
0133560AR,75.02,517.56,1909.0,0.0,0.67,34.1,0.0,136.4,0.0,18.9,0.0,108.3,0.0,122.4,0.0,41.1,0.0
0133568AR,120.98,627.9,71.0,0.0,1.0,10.3,0.0,51.4,0.0,7.0,0.0,42.9,0.0,45.7,0.0,7.9,0.0
0133585AR,109.87,431.96,2870.0,0.0,0.67,32.1,0.0,115.1,0.0,19.9,0.0,96.4,0.0,102.4,0.0,33.2,0.0
0133586AR,524.87,345.89,11.0,0.0,1.0,61.7,0.0,226.7,0.0,29.1,0.0,194.1,0.0,201.7,0.0,58.0,0.0
0133591AR,886.08,79.01,546457.0,1.0,0.33,23.4,0.057,88.0,0.221,9.7,0.027,75.3,0.215,78.3,0.194,21.2,0.056
0133593AR,127.69,388.33,3336.0,0.0,0.67,35.8,0.0,108.6,0.0,20.5,0.0,100.3,0.0,99.3,0.0,39.9,0.0
0133594AR,767.05,247.66,229101.0,1.0,1.0,61.7,0.057,226.7,0.221,29.1,0.027,194.1,0.215,201.7,0.194,58.0,0.056
0133597AR,881.72,96.75,8.0,1.0,0.83,60.0,0.057,215.5,0.221,25.9,0.027,186.2,0.215,191.7,0.194,53.8,0.056
0133601AR,323.74,507.16,51225.0,0.0,1.0,61.7,0.0,226.7,0.0,29.1,0.0,194.1,0.0,201.7,0.0,58.0,0.0
0133605AR,477.84,450.23,22.0,0.0,0.83,60.8,0.0,222.6,0.0,28.0,0.0,189.5,0.0,198.0,0.0,57.4,0.0
0133609AR,787.07,381.06,966.0,0.0,0.67,57.1,0.0,178.9,0.0,29.1,0.0,173.6,0.0,159.2,0.0,54.4,0.0
0133614AR,829.02,1008.41,367.0,0.0,0.83,53.0,0.0,197.8,0.0,28.6,0.0,161.7,0.0,176.0,0.0,56.2,0.0
0133615AR,811.0,1012.0,9.0,0.0,0.67,41.1,0.0,126.3,0.0,19.4,0.0,122.8,0.0,112.4,0.0,36.3,0.0
0133616AR,609.84,993.98,4.0,0.0,0.83,61.7,0.0,226.7,0.0,29.1,0.0,194.1,0.0,201.7,0.0,58.0,0.0
0133619AR,765.55,878.56,3262.0,0.89,1.0,61.7,0.048,226.7,0.176,29.1,0.027,194.1,0.158,201.7,0.155,58.0,0.056
0133622AR,791.07,213.72,48.0,1.0,1.0,61.7,0.057,226.7,0.221,29.1,0.027,194.1,0.215,201.7,0.194,58.0,0.056
0133624AR,974.83,600.63,58.0,0.0,1.0,61.7,0.0,226.7,0.0,29.1,0.0,194.1,0.0,201.7,0.0,58.0,0.0
0133632AR,398.72,515.12,564.0,0.0,1.0,61.7,0.0,226.7,0.0,29.1,0.0,194.1,0.0,201.7,0.0,58.0,0.0
0133634AR,1015.11,671.22,6.0,0.42,1.0,61.7,0.032,226.7,0.093,29.1,0.018,194.1,0.11,201.7,0.082,58.0,0.025
0133635AR,1064.1,851.0,57.0,1.0,1.0,61.7,0.057,226.7,0.221,29.1,0.027,194.1,0.215,201.7,0.194,58.0,0.056
0133642AR,768.88,311.89,2066.0,0.0,0.83,53.9,0.0,174.2,0.0,28.0,0.0,160.4,0.0,155.0,0.0,49.6,0.0
0133647AR,907.71,1046.47,6603.0,1.0,0.17,30.4,0.057,128.1,0.221,11.3,0.027,95.7,0.215,114.0,0.194,33.2,0.056
0133650AR,617.29,977.57,19.0,0.0,1.0,61.7,0.0,226.7,0.0,29.1,0.0,194.1,0.0,201.7,0.0,58.0,0.0
0133655AR,760.76,280.73,225.0,0.14,1.0,61.7,0.011,226.7,0.041,29.1,0.0,194.1,0.053,201.7,0.036,58.0,0.0
0133659AR,469.45,470.0,23.0,0.0,1.0,61.7,0.0,226.7,0.0,29.1,0.0,194.1,0.0,201.7,0.0,58.0,0.0
0133660AR,80.52,694.81,46.0,0.0,0.67,53.9,0.0,191.3,0.0,23.2,0.0,163.7,0.0,168.6,0.0,50.2,0.0
0133662AR,759.55,909.71,17.0,1.0,0.67,40.7,0.057,121.0,0.214,19.4,0.027,120.8,0.215,107.7,0.188,36.3,0.056
0133663AR,247.71,89.07,22281.0,0.0,0.83,49.3,0.0,159.4,0.0,23.7,0.0,143.3,0.0,141.8,0.0,46.5,0.0
0133664AR,1089.51,1073.06,16.0,0.0,1.0,61.7,0.0,226.7,0.0,29.1,0.0,194.1,0.0,201.7,0.0,58.0,0.0
0133684AR,798.42,46.43,537.0,1.0,1.0,61.7,0.057,203.7,0.221,29.1,0.027,194.1,0.215,181.2,0.194,58.0,0.056
0133685AR,822.83,465.77,12.0,0.0,1.0,61.7,0.0,226.7,0.0,29.1,0.0,194.1,0.0,201.7,0.0,58.0,0.0
0133698AR,942.41,401.2,7.0,0.0,1.0,61.7,0.0,226.7,0.0,29.1,0.0,194.1,0.0,201.7,0.0,58.0,0.0
0133700AR,804.59,449.6,251.0,0.0,0.67,50.6,0.0,152.9,0.0,25.3,0.0,146.6,0.0,136.0,0.0,45.3,0.0
0133701AR,125.26,394.61,3274.0,0.0,0.67,28.0,0.0,101.5,0.0,12.9,0.0,83.8,0.0,90.3,0.0,30.2,0.0
0133703AR,169.17,605.2,115.0,0.0,1.0,61.7,0.0,226.7,0.0,29.1,0.0,194.1,0.0,201.7,0.0,58.0,0.0
0133705AR,885.53,267.92,480.0,0.0,1.0,61.7,0.0,226.7,0.0,29.1,0.0,194.1,0.0,201.7,0.0,58.0,0.0
0133707AR,1048.85,793.18,78.0,1.0,1.0,61.7,0.057,226.7,0.221,29.1,0.027,194.1,0.215,201.7,0.194,58.0,0.056
0133714AR,620.29,51.62,1886.0,0.0,1.0,61.7,0.0,188.9,0.0,29.1,0.0,184.9,0.0,168.1,0.0,58.0,0.0
0133718AR,773.1,897.83,2755.0,0.94,1.0,61.7,0.052,226.7,0.186,29.1,0.027,194.1,0.171,201.7,0.164,58.0,0.056
0133726AR,365.91,400.9,1121.0,0.0,1.0,61.7,0.0,226.7,0.0,29.1,0.0,194.1,0.0,201.7,0.0,58.0,0.0
0133727AR,807.89,1006.0,6.0,0.0,0.67,43.6,0.0,130.5,0.0,19.9,0.0,128.7,0.0,116.1,0.0,37.5,0.0
0133728AR,632.08,991.89,136.0,0.0,0.83,51.4,0.0,183.6,0.0,28.0,0.0,155.1,0.0,163.4,0.0,53.8,0.0
0133740AR,369.09,533.92,135.0,0.0,1.0,61.7,0.0,226.7,0.0,29.1,0.0,194.1,0.0,201.7,0.0,58.0,0.0
0133742AR,930.35,435.37,104.0,0.0,1.0,61.7,0.0,226.7,0.0,29.1,0.0,194.1,0.0,201.7,0.0,58.0,0.0
0133746AR,871.24,94.95,545999.0,1.0,0.33,24.7,0.057,81.5,0.221,11.9,0.027,72.6,0.215,72.5,0.194,25.4,0.056
0133752AR,805.39,179.18,748.0,1.0,1.0,61.7,0.057,226.7,0.221,29.1,0.027,194.1,0.215,201.7,0.194,58.0,0.056
0133753AR,302.31,60.88,48754.0,0.0,1.0,61.7,0.0,217.3,0.0,29.1,0.0,194.1,0.0,193.3,0.0,58.0,0.0
0133756AR,207.22,192.74,711.0,0.0,0.67,41.1,0.0,139.9,0.0,22.1,0.0,120.2,0.0,124.5,0.0,45.3,0.0
0133763AR,50.91,576.84,482.0,0.0,0.67,58.0,0.0,204.9,0.0,24.8,0.0,178.9,0.0,182.3,0.0,52.0,0.0
0133766AR,513.62,369.1,4.0,0.0,1.0,61.7,0.0,226.7,0.0,29.1,0.0,194.1,0.0,201.7,0.0,58.0,0.0
0133767AR,475.18,158.81,53202.0,1.0,0.67,40.7,0.057,158.8,0.221,20.5,0.027,126.1,0.215,141.3,0.194,44.1,0.056
0133768AR,100.07,640.89,14.0,0.0,0.83,9.5,0.0,48.4,0.0,7.0,0.0,39.6,0.0,43.1,0.0,7.9,0.0
0133770AR,468.06,435.17,10.0,0.0,0.83,61.3,0.0,222.0,0.0,28.6,0.0,188.8,0.0,197.5,0.0,58.0,0.0
0133771AR,68.77,674.22,4388.0,0.0,0.67,51.8,0.0,180.1,0.0,23.2,0.0,153.8,0.0,160.2,0.0,51.4,0.0
0133773AR,813.17,980.15,462.0,0.0,1.0,59.2,0.0,220.2,0.0,28.6,0.0,188.2,0.0,195.9,0.0,56.8,0.0
0133778AR,202.51,864.94,340.0,0.0,0.83,56.7,0.0,196.6,0.0,24.8,0.0,171.6,0.0,172.3,0.0,55.6,0.0
0133781AR,1073.23,885.95,75.0,1.0,1.0,61.7,0.057,226.7,0.221,29.1,0.027,194.1,0.215,201.7,0.194,58.0,0.056
0133784AR,216.33,171.52,923.0,1.0,0.67,34.5,0.057,124.0,0.207,20.5,0.027,102.3,0.206,109.8,0.182,39.3,0.056
0133786AR,793.59,406.33,711.0,0.0,0.83,55.1,0.0,167.7,0.0,26.4,0.0,159.1,0.0,149.2,0.0,49.6,0.0
0133787AR,168.82,286.84,4451.0,0.0,1.0,40.7,0.0,147.0,0.0,25.9,0.0,126.1,0.0,130.8,0.0,44.7,0.0
0133788AR,131.8,378.41,3460.0,0.0,1.0,56.3,0.0,188.9,0.0,29.1,0.0,169.0,0.0,168.1,0.0,54.4,0.0
0133791AR,149.76,609.76,41.0,0.0,1.0,61.7,0.0,226.7,0.0,29.1,0.0,194.1,0.0,201.7,0.0,58.0,0.0
0133793AR,394.54,689.8,9431.0,0.0,0.5,49.7,0.0,178.3,0.0,18.9,0.0,153.2,0.0,159.7,0.0,44.1,0.0
0133796AR,956.45,453.45,19.0,0.0,1.0,61.7,0.0,226.7,0.0,29.1,0.0,194.1,0.0,201.7,0.0,58.0,0.0
0133799AR,844.07,129.65,515907.0,1.0,0.83,61.7,0.057,226.7,0.221,29.1,0.027,194.1,0.215,201.7,0.194,58.0,0.056
0133801AR,761.0,865.0,3622.0,1.0,1.0,61.7,0.057,226.7,0.221,29.1,0.027,194.1,0.215,201.7,0.194,58.0,0.056
0133809AR,859.62,110.23,545443.0,1.0,0.33,25.1,0.057,91.5,0.217,12.4,0.027,75.9,0.215,83.0,0.191,24.8,0.056
0133814AR,342.64,744.11,7.0,0.0,1.0,60.0,0.0,190.1,0.0,29.1,0.0,178.9,0.0,166.5,0.0,55.6,0.0
0133820AR,826.82,151.78,27.0,1.0,0.5,33.3,0.057,120.4,0.217,14.0,0.027,103.7,0.215,107.2,0.191,29.6,0.056
0133824AR,236.29,777.26,263.0,0.0,0.83,51.4,0.0,186.0,0.0,24.2,0.0,161.7,0.0,165.5,0.0,48.3,0.0
0133825AR,996.52,1058.67,367.0,1.0,1.0,61.7,0.057,226.7,0.221,29.1,0.027,194.1,0.215,201.7,0.194,58.0,0.056
0133826AR,965.0,565.0,20.0,0.0,1.0,61.7,0.0,226.7,0.0,29.1,0.0,194.1,0.0,201.7,0.0,58.0,0.0
0133829AR,791.72,46.87,480.0,1.0,1.0,61.7,0.057,201.3,0.221,29.1,0.027,189.5,0.215,179.1,0.194,58.0,0.056
0133833AR,167.29,815.74,13521.0,0.0,1.0,61.3,0.0,214.9,0.0,29.1,0.0,189.5,0.0,191.2,0.0,58.0,0.0
0133850AR,439.3,489.42,189.0,0.0,1.0,61.7,0.0,226.7,0.0,29.1,0.0,194.1,0.0,201.7,0.0,58.0,0.0
0133859AR,791.23,346.28,206562.0,0.0,1.0,61.7,0.0,226.7,0.0,29.1,0.0,194.1,0.0,201.7,0.0,58.0,0.0
0133860AR,298.35,758.5,14.0,0.0,1.0,58.8,0.0,181.8,0.0,27.5,0.0,173.0,0.0,158.6,0.0,53.8,0.0
0133870AR,776.63,290.43,207137.0,0.0,1.0,61.7,0.0,226.7,0.0,29.1,0.0,194.1,0.0,201.7,0.0,58.0,0.0
0133873AR,473.46,110.22,51980.0,1.0,0.83,50.2,0.057,182.4,0.221,24.2,0.027,151.2,0.215,162.3,0.194,51.4,0.056
0133874AR,172.63,609.76,33.0,0.0,1.0,61.7,0.0,226.7,0.0,29.1,0.0,194.1,0.0,201.7,0.0,58.0,0.0
0133879AR,929.6,355.33,17.0,0.0,1.0,61.7,0.0,226.7,0.0,29.1,0.0,194.1,0.0,201.7,0.0,58.0,0.0
0133880AR,142.76,351.46,3728.0,0.0,0.83,39.1,0.0,129.9,0.0,22.1,0.0,107.6,0.0,115.6,0.0,44.1,0.0
0133881AR,998.08,607.05,9.0,0.0,1.0,61.7,0.0,226.7,0.0,29.1,0.0,194.1,0.0,201.7,0.0,58.0,0.0
0133882AR,361.0,59.0,49473.0,0.0,1.0,61.7,0.0,203.1,0.0,29.1,0.0,189.5,0.0,180.7,0.0,58.0,0.0
0133884AR,844.54,144.45,41.0,1.0,0.83,61.3,0.057,220.8,0.221,27.5,0.027,190.8,0.215,199.1,0.194,57.4,0.056
0133888AR,86.52,705.35,2849.0,0.0,0.67,53.0,0.0,188.3,0.0,23.2,0.0,161.7,0.0,166.0,0.0,50.2,0.0
0133892AR,805.64,194.94,9.0,1.0,1.0,61.7,0.057,226.7,0.221,29.1,0.027,194.1,0.215,201.7,0.194,58.0,0.056
0133893AR,83.66,651.29,54.0,0.0,1.0,8.2,0.0,40.7,0.0,1.6,0.0,35.0,0.0,33.1,0.0,6.0,0.0
0133898AR,987.93,647.28,30.0,0.0,1.0,61.7,0.0,226.7,0.0,29.1,0.0,194.1,0.0,201.7,0.0,58.0,0.0
0133907AR,455.23,414.92,13936.0,0.0,1.0,61.7,0.0,225.5,0.0,29.1,0.0,194.1,0.0,200.7,0.0,58.0,0.0
0133911AR,786.16,926.92,1940.0,0.08,1.0,55.1,0.002,210.8,0.024,28.6,0.0,177.6,0.022,187.5,0.021,55.6,0.0
0133913AR,980.55,542.55,13.0,0.0,1.0,61.7,0.0,226.7,0.0,29.1,0.0,194.1,0.0,201.7,0.0,58.0,0.0
0133914AR,875.61,44.28,1593.0,1.0,1.0,61.7,0.057,201.9,0.221,29.1,0.027,188.8,0.215,170.7,0.194,58.0,0.056
0133921AR,236.37,121.8,322.0,0.0,0.67,32.9,0.0,124.6,0.0,20.5,0.0,101.0,0.0,110.8,0.0,38.7,0.0
0133922AR,459.41,476.37,90.0,0.0,1.0,61.7,0.0,226.7,0.0,29.1,0.0,194.1,0.0,201.7,0.0,58.0,0.0
0133924AR,775.56,337.15,1603.0,0.0,1.0,60.4,0.0,204.9,0.0,29.1,0.0,184.2,0.0,182.3,0.0,56.2,0.0
0133927AR,874.12,226.82,753.0,1.0,1.0,61.7,0.057,220.2,0.221,29.1,0.027,192.8,0.215,195.9,0.194,58.0,0.056
0133928AR,987.07,565.95,13.0,0.0,1.0,61.7,0.0,226.7,0.0,29.1,0.0,194.1,0.0,201.7,0.0,58.0,0.0
0133931AR,881.0,168.71,41.0,1.0,1.0,61.7,0.057,226.7,0.221,29.1,0.027,194.1,0.215,201.7,0.194,58.0,0.056
0133935AR,881.09,1042.43,6306.0,1.0,0.33,31.7,0.057,131.7,0.221,9.2,0.027,99.0,0.215,117.1,0.194,31.4,0.056
0133938AR,455.96,73.01,5.0,0.19,0.5,26.7,0.005,80.9,0.052,15.1,0.0,79.9,0.039,72.0,0.045,23.6,0.004
0133945AR,189.55,648.28,3291.0,0.0,1.0,61.7,0.0,226.7,0.0,29.1,0.0,194.1,0.0,201.7,0.0,58.0,0.0
0133953AR,488.65,399.2,402.0,0.0,1.0,61.7,0.0,226.7,0.0,29.1,0.0,194.1,0.0,201.7,0.0,58.0,0.0
0133955AR,380.07,58.61,49732.0,0.0,1.0,61.7,0.0,214.9,0.0,29.1,0.0,191.5,0.0,191.2,0.0,58.0,0.0
0133967AR,859.29,125.48,10.0,1.0,1.0,53.9,0.057,196.6,0.221,28.6,0.027,164.4,0.215,174.9,0.194,53.2,0.056
0133970AR,856.72,163.18,11.0,1.0,1.0,61.7,0.057,226.7,0.221,29.1,0.027,194.1,0.215,201.7,0.194,58.0,0.056
0133971AR,373.38,58.92,49664.0,0.0,1.0,61.7,0.0,206.6,0.0,29.1,0.0,190.8,0.0,183.8,0.0,58.0,0.0
0133972AR,411.77,57.58,50108.0,0.0,1.0,61.7,0.0,211.9,0.0,29.1,0.0,194.1,0.0,184.9,0.0,58.0,0.0
0133973AR,801.95,183.67,18.0,1.0,1.0,61.7,0.057,226.7,0.221,29.1,0.027,194.1,0.215,201.7,0.194,58.0,0.056
0133975AR,1055.66,1061.2,11.0,0.0,1.0,61.7,0.0,226.7,0.0,29.1,0.0,194.1,0.0,201.7,0.0,58.0,0.0
0133979AR,39.57,604.92,222.0,0.0,1.0,61.7,0.0,221.4,0.0,29.1,0.0,192.8,0.0,197.0,0.0,58.0,0.0
0133983AR,282.03,754.97,423.0,0.0,0.17,11.1,0.0,78.5,0.0,1.6,0.0,50.2,0.0,69.9,0.0,14.5,0.0
0133984AR,822.61,997.04,10.0,0.0,0.67,47.7,0.0,173.0,0.0,22.6,0.0,138.6,0.0,151.3,0.0,55.6,0.0
0133985AR,616.25,982.7,14.0,0.0,1.0,61.7,0.0,226.7,0.0,29.1,0.0,194.1,0.0,201.7,0.0,58.0,0.0
0133986AR,456.17,66.59,24.0,0.0,0.67,29.2,0.0,95.6,0.0,18.3,0.0,96.4,0.0,85.1,0.0,26.6,0.0
0133992AR,242.61,774.04,266.0,0.0,0.67,52.6,0.0,193.6,0.0,20.5,0.0,162.4,0.0,171.8,0.0,47.7,0.0
0133998AR,940.64,395.24,39.0,0.0,1.0,61.7,0.0,226.7,0.0,29.1,0.0,194.1,0.0,201.7,0.0,58.0,0.0
0134005AR,767.72,884.78,3109.0,0.92,1.0,61.7,0.05,226.7,0.183,29.1,0.027,194.1,0.167,201.7,0.161,58.0,0.056
0134013AR,245.0,100.0,540.0,0.0,0.5,41.1,0.0,140.5,0.0,20.5,0.0,119.5,0.0,125.0,0.0,41.1,0.0
0134016AR,324.34,731.08,10.0,0.0,0.33,55.9,0.0,185.4,0.0,25.9,0.0,159.1,0.0,164.9,0.0,57.4,0.0
0134018AR,489.41,55.6,252.0,0.0,1.0,61.7,0.0,210.8,0.0,29.1,0.0,193.4,0.0,187.0,0.0,58.0,0.0
0134022AR,348.2,753.51,10.0,0.0,0.67,48.1,0.0,151.1,0.0,23.2,0.0,143.9,0.0,131.8,0.0,42.9,0.0
0134024AR,917.69,389.01,6.0,0.0,1.0,61.7,0.0,226.7,0.0,29.1,0.0,194.1,0.0,201.7,0.0,58.0,0.0
0134027AR,911.03,285.48,18.0,0.0,1.0,61.7,0.0,226.7,0.0,29.1,0.0,194.1,0.0,201.7,0.0,58.0,0.0
0134036AR,232.03,132.64,206.0,0.0,0.67,28.8,0.0,106.3,0.0,17.8,0.0,87.8,0.0,94.5,0.0,34.4,0.0
0134039AR,473.12,95.19,51582.0,1.0,0.83,42.8,0.057,165.3,0.221,22.6,0.027,134.7,0.215,147.1,0.194,45.9,0.056
0134056AR,631.77,51.35,2021.0,0.0,1.0,61.7,0.0,190.7,0.0,29.1,0.0,185.5,0.0,169.7,0.0,58.0,0.0
0134067AR,774.78,283.09,207216.0,0.0,1.0,61.7,0.0,226.7,0.01,29.1,0.0,194.1,0.013,201.7,0.009,58.0,0.0
0134070AR,919.28,395.56,28.0,0.0,1.0,61.7,0.0,226.7,0.0,29.1,0.0,194.1,0.0,201.7,0.0,58.0,0.0
0134073AR,376.88,394.32,1389.0,0.0,1.0,61.7,0.0,226.7,0.0,29.1,0.0,194.1,0.0,201.7,0.0,58.0,0.0
0134074AR,968.04,495.5,19.0,0.0,1.0,61.7,0.0,226.7,0.0,29.1,0.0,194.1,0.0,201.7,0.0,58.0,0.0
0134077AR,1096.52,1066.94,11.0,0.0,1.0,61.7,0.0,226.7,0.0,29.1,0.0,194.1,0.0,201.7,0.0,58.0,0.0
0134097AR,501.04,55.11,355.0,0.0,1.0,61.7,0.0,226.1,0.0,29.1,0.0,194.1,0.0,199.6,0.0,58.0,0.0
0134098AR,1105.52,1007.78,101.0,0.0,1.0,61.7,0.0,224.9,0.0,29.1,0.0,192.1,0.0,200.1,0.0,58.0,0.0
0134104AR,812.84,185.18,64.0,1.0,1.0,61.7,0.057,226.7,0.221,29.1,0.027,194.1,0.215,201.7,0.194,58.0,0.056
0134108AR,948.26,501.09,3.0,0.0,1.0,61.7,0.0,226.7,0.0,29.1,0.0,194.1,0.0,201.7,0.0,58.0,0.0
0134111AR,1067.4,1062.67,12.0,0.56,1.0,61.7,0.043,226.7,0.11,29.1,0.024,194.1,0.14,201.7,0.097,58.0,0.035
0134113AR,1101.69,1074.65,4492.0,0.0,1.0,61.7,0.0,226.7,0.0,29.1,0.0,194.1,0.0,201.7,0.0,58.0,0.0
0134116AR,803.75,962.75,977.0,0.0,1.0,58.8,0.0,219.6,0.0,29.1,0.0,187.5,0.0,195.4,0.0,57.4,0.0
0134118AR,654.71,50.81,2306.0,0.0,1.0,61.3,0.0,188.3,0.0,29.1,0.0,184.2,0.0,167.6,0.0,57.4,0.0
0134119AR,939.43,389.86,10.0,0.0,1.0,61.7,0.0,226.7,0.0,29.1,0.0,194.1,0.0,201.7,0.0,58.0,0.0
0134126AR,175.79,615.0,88.0,0.0,1.0,61.7,0.0,226.7,0.0,29.1,0.0,194.1,0.0,201.7,0.0,58.0,0.0
0134127AR,637.7,51.17,2089.0,0.0,1.0,61.7,0.0,190.1,0.0,29.1,0.0,182.9,0.0,165.5,0.0,58.0,0.0
0134130AR,783.2,315.09,206882.0,0.0,1.0,61.7,0.0,226.7,0.0,29.1,0.0,194.1,0.0,201.7,0.0,58.0,0.0
0134131AR,809.8,415.21,205908.0,0.0,1.0,61.7,0.0,226.7,0.0,29.1,0.0,194.1,0.0,201.7,0.0,58.0,0.0
0134134AR,880.61,250.34,27.0,0.47,1.0,61.7,0.03,226.7,0.128,29.1,0.012,194.1,0.132,201.7,0.112,58.0,0.018
0134136AR,157.68,314.26,4145.0,0.0,0.83,48.1,0.0,158.8,0.0,25.9,0.0,136.7,0.0,136.0,0.0,49.6,0.0
0134137AR,1054.59,1067.79,83322.0,0.0,1.0,61.7,0.0,226.7,0.0,29.1,0.0,194.1,0.0,201.7,0.0,58.0,0.0
0134139AR,1001.77,699.5,25.0,0.28,1.0,44.0,0.016,145.8,0.059,22.6,0.009,140.0,0.057,125.5,0.052,36.3,0.018
0134144AR,901.05,1045.45,6521.0,1.0,0.17,34.1,0.057,137.0,0.221,11.9,0.027,104.3,0.215,121.9,0.194,32.6,0.056
0134146AR,917.22,308.36,25.0,0.0,1.0,61.7,0.0,226.7,0.0,29.1,0.0,194.1,0.0,201.7,0.0,58.0,0.0
0134147AR,773.05,47.32,200.0,1.0,1.0,61.7,0.057,200.1,0.221,29.1,0.027,191.5,0.215,178.1,0.194,58.0,0.056
0134149AR,841.12,149.15,37.0,1.0,0.83,61.3,0.057,223.2,0.221,28.6,0.027,190.1,0.215,198.6,0.194,57.4,0.056
0134150AR,827.4,484.48,263.0,0.0,1.0,61.7,0.0,226.7,0.0,29.1,0.0,194.1,0.0,201.7,0.0,58.0,0.0
0134153AR,314.15,736.78,1041.0,0.0,1.0,61.7,0.0,216.7,0.0,29.1,0.0,184.9,0.0,192.8,0.0,58.0,0.0
0134156AR,901.98,250.59,56.0,0.0,1.0,61.7,0.0,226.7,0.01,29.1,0.0,194.1,0.013,201.7,0.009,58.0,0.0
0134157AR,1047.23,787.61,147.0,1.0,1.0,61.7,0.057,226.7,0.221,29.1,0.027,194.1,0.215,201.7,0.194,58.0,0.056
0134160AR,731.38,48.36,3275.0,0.0,1.0,61.7,0.0,211.4,0.0,29.1,0.0,194.1,0.0,188.0,0.0,58.0,0.0
0134164AR,944.14,406.93,28.0,0.0,1.0,61.7,0.0,226.7,0.0,29.1,0.0,194.1,0.0,201.7,0.0,58.0,0.0
0134166AR,993.62,670.58,8.0,0.0,1.0,61.7,0.0,226.7,0.0,29.1,0.0,194.1,0.0,201.7,0.0,58.0,0.0
0134167AR,95.58,720.74,1854.0,0.0,0.83,57.1,0.0,200.1,0.0,24.2,0.0,176.9,0.0,178.1,0.0,50.8,0.0
0134168AR,379.22,527.62,22.0,0.0,1.0,61.7,0.0,226.7,0.0,29.1,0.0,194.1,0.0,201.7,0.0,58.0,0.0
0134178AR,196.89,219.58,440.0,0.0,0.83,43.2,0.0,153.5,0.0,26.4,0.0,134.0,0.0,133.4,0.0,47.1,0.0
0134179AR,719.63,48.79,3117.0,0.0,1.0,61.7,0.0,218.4,0.0,29.1,0.0,194.1,0.0,194.4,0.0,58.0,0.0
0134184AR,311.09,487.13,51951.0,0.0,1.0,61.7,0.0,226.7,0.0,29.1,0.0,194.1,0.0,201.7,0.0,58.0,0.0
0134188AR,513.08,54.73,541.0,0.0,1.0,61.7,0.0,217.3,0.0,29.1,0.0,193.4,0.0,193.3,0.0,58.0,0.0
0134198AR,409.48,508.52,9.0,0.0,1.0,61.7,0.0,226.7,0.0,29.1,0.0,194.1,0.0,201.7,0.0,58.0,0.0
0134200AR,962.18,553.73,42.0,0.0,1.0,61.7,0.0,226.7,0.0,29.1,0.0,194.1,0.0,201.7,0.0,58.0,0.0
0134207AR,745.27,875.93,7.0,1.0,0.67,37.8,0.057,111.0,0.217,19.4,0.027,112.2,0.215,98.8,0.191,32.6,0.056
0134208AR,809.88,974.29,663.0,0.0,1.0,61.3,0.0,224.9,0.0,29.1,0.0,192.8,0.0,200.1,0.0,58.0,0.0
0134210AR,903.46,256.6,30.0,0.0,1.0,61.7,0.0,226.7,0.01,29.1,0.0,194.1,0.013,201.7,0.009,58.0,0.0
0134212AR,954.69,447.52,24.0,0.0,1.0,61.7,0.0,226.7,0.0,29.1,0.0,194.1,0.0,201.7,0.0,58.0,0.0
0134213AR,763.74,292.63,2304.0,0.0,1.0,61.3,0.0,216.1,0.0,29.1,0.0,190.8,0.0,192.2,0.0,58.0,0.0
0134220AR,874.81,1041.15,8.0,1.0,0.5,29.2,0.057,141.1,0.203,14.5,0.027,97.7,0.193,125.5,0.179,35.7,0.056
0134225AR,982.53,548.75,7.0,0.0,1.0,61.7,0.0,226.7,0.0,29.1,0.0,194.1,0.0,201.7,0.0,58.0,0.0
0134233AR,386.96,388.03,2054.0,0.0,1.0,61.7,0.0,226.7,0.0,29.1,0.0,194.1,0.0,201.7,0.0,58.0,0.0
0134239AR,474.71,145.11,52896.0,1.0,0.67,40.7,0.057,150.5,0.221,22.6,0.027,125.4,0.215,133.9,0.194,43.5,0.056
0134240AR,806.42,456.09,15.0,0.0,0.83,53.4,0.0,159.4,0.0,26.4,0.0,157.8,0.0,140.8,0.0,47.7,0.0
0134243AR,98.68,725.68,1472.0,0.0,0.67,60.0,0.0,205.5,0.0,27.5,0.0,182.9,0.0,180.7,0.0,58.0,0.0
0134247AR,422.32,57.43,50205.0,0.0,1.0,61.7,0.0,206.6,0.0,29.1,0.0,194.1,0.0,183.8,0.0,58.0,0.0
0134255AR,986.1,641.27,95.0,0.0,1.0,61.7,0.0,226.7,0.0,29.1,0.0,194.1,0.0,201.7,0.0,58.0,0.0
0134266AR,325.29,425.99,67.0,0.0,1.0,61.7,0.0,226.7,0.0,29.1,0.0,194.1,0.0,201.7,0.0,58.0,0.0
0134271AR,108.72,741.3,610.0,0.0,0.83,60.4,0.0,209.6,0.0,28.0,0.0,184.9,0.0,186.5,0.0,57.4,0.0
0134273AR,133.3,773.34,15550.0,0.0,0.83,51.8,0.0,187.7,0.0,24.2,0.0,163.1,0.0,167.0,0.0,48.3,0.0
0134275AR,791.77,977.17,17.0,0.0,0.67,40.7,0.0,128.1,0.0,19.9,0.0,126.8,0.0,112.4,0.0,32.6,0.0
0134287AR,806.72,968.42,816.0,0.0,1.0,60.8,0.0,224.3,0.0,29.1,0.0,191.5,0.0,199.6,0.0,58.0,0.0
0134289AR,1012.24,659.29,5.0,0.83,1.0,61.7,0.055,226.7,0.166,29.1,0.027,194.1,0.189,201.7,0.146,58.0,0.053
0134291AR,531.19,309.33,309.0,0.0,1.0,61.7,0.0,226.7,0.0,29.1,0.0,194.1,0.0,201.7,0.0,58.0,0.0
0134293AR,783.67,368.71,1104.0,0.0,0.83,57.1,0.0,174.2,0.0,26.9,0.0,167.7,0.0,155.0,0.0,53.2,0.0
0134296AR,953.7,1053.46,7179.0,1.0,0.33,34.9,0.057,137.6,0.221,11.9,0.027,107.0,0.215,122.4,0.194,35.7,0.056
0134298AR,238.53,116.58,371.0,0.0,0.67,31.7,0.0,114.5,0.0,19.9,0.0,95.1,0.0,98.8,0.0,37.5,0.0
0134302AR,618.37,995.39,7.0,0.0,1.0,61.7,0.0,226.7,0.0,29.1,0.0,194.1,0.0,201.7,0.0,58.0,0.0
0134306AR,70.44,528.39,1704.0,0.0,0.83,61.3,0.0,207.8,0.0,26.9,0.0,184.2,0.0,181.2,0.0,55.6,0.0
0134310AR,434.12,492.75,34.0,0.0,1.0,61.7,0.0,226.7,0.0,29.1,0.0,194.1,0.0,201.7,0.0,58.0,0.0
0134313AR,430.33,375.8,8226.0,0.0,1.0,61.7,0.0,224.9,0.0,29.1,0.0,194.1,0.0,200.1,0.0,58.0,0.0
0134315AR,72.8,658.18,6.0,0.0,1.0,13.6,0.0,63.2,0.0,4.3,0.0,49.5,0.0,54.1,0.0,11.5,0.0
0134322AR,775.92,903.53,2610.0,0.89,1.0,60.8,0.048,224.9,0.176,28.6,0.027,192.8,0.158,200.1,0.155,56.8,0.056
0134326AR,90.53,635.44,290.0,0.0,0.67,48.5,0.0,158.2,0.0,22.6,0.0,143.9,0.0,142.3,0.0,44.7,0.0
0134333AR,794.65,359.21,206436.0,0.0,1.0,61.7,0.0,226.7,0.0,29.1,0.0,194.1,0.0,201.7,0.0,58.0,0.0
0134334AR,381.77,391.2,690.0,0.0,1.0,61.7,0.0,226.7,0.0,29.1,0.0,194.1,0.0,201.7,0.0,58.0,0.0
0134336AR,607.55,254.56,11.0,0.0,1.0,53.4,0.0,157.0,0.0,28.6,0.0,156.5,0.0,136.6,0.0,47.7,0.0
0134337AR,894.91,1044.48,6473.0,1.0,0.17,32.9,0.057,134.0,0.221,9.2,0.027,101.0,0.215,119.2,0.194,31.4,0.056
0134342AR,53.82,648.22,5443.0,0.0,0.83,57.1,0.0,196.0,0.0,25.3,0.0,171.0,0.0,174.4,0.0,55.6,0.0
0134343AR,740.16,862.32,17.0,1.0,0.67,38.6,0.057,113.9,0.221,19.4,0.027,118.2,0.215,101.4,0.194,34.4,0.056
0134344AR,973.38,594.42,22.0,0.0,1.0,61.7,0.0,226.7,0.0,29.1,0.0,194.1,0.0,201.7,0.0,58.0,0.0
0134350AR,532.54,357.29,4.0,0.0,1.0,61.7,0.0,226.7,0.0,29.1,0.0,194.1,0.0,201.7,0.0,58.0,0.0
0134352AR,130.86,621.51,24.0,0.0,1.0,26.7,0.0,95.1,0.0,10.8,0.0,90.4,0.0,80.4,0.0,18.7,0.0
0134362AR,1099.43,984.56,183.0,0.0,1.0,61.7,0.0,225.5,0.0,29.1,0.0,192.1,0.0,200.7,0.0,58.0,0.0
0134364AR,320.8,502.22,51369.0,0.0,1.0,61.7,0.0,226.7,0.0,29.1,0.0,194.1,0.0,201.7,0.0,58.0,0.0
0134366AR,330.51,740.36,4550.0,0.0,1.0,61.7,0.0,210.8,0.0,29.1,0.0,186.8,0.0,187.0,0.0,58.0,0.0
0134368AR,877.08,238.55,660.0,1.0,1.0,56.7,0.057,211.9,0.221,26.9,0.027,180.9,0.215,188.6,0.194,53.8,0.056
0134376AR,614.6,51.89,1794.0,0.0,1.0,61.7,0.0,188.9,0.0,29.1,0.0,184.9,0.0,168.1,0.0,58.0,0.0
0134387AR,779.2,952.74,14.0,0.0,0.67,40.3,0.0,121.0,0.0,19.9,0.0,120.8,0.0,107.7,0.0,36.9,0.0
0134408AR,183.14,254.12,83.0,0.0,1.0,33.3,0.0,125.8,0.0,18.9,0.0,103.7,0.0,110.8,0.0,34.4,0.0
0134422AR,390.7,691.83,27.0,0.0,0.67,51.0,0.0,177.7,0.0,21.5,0.0,151.2,0.0,157.1,0.0,49.0,0.0
0134426AR,537.71,321.27,190.0,0.0,0.83,44.8,0.0,171.8,0.0,22.1,0.0,140.6,0.0,152.9,0.0,44.7,0.0
0134429AR,660.47,50.65,2381.0,0.0,1.0,61.7,0.0,188.3,0.0,29.1,0.0,184.2,0.0,167.0,0.0,58.0,0.0
0134431AR,336.18,527.16,49915.0,0.0,1.0,61.7,0.0,226.7,0.0,29.1,0.0,194.1,0.0,201.7,0.0,58.0,0.0
0134440AR,427.46,57.26,50339.0,0.0,1.0,61.7,0.0,205.5,0.0,29.1,0.0,188.8,0.0,174.9,0.0,58.0,0.0
0134444AR,333.26,522.33,49974.0,0.0,1.0,61.7,0.0,226.7,0.0,29.1,0.0,194.1,0.0,201.7,0.0,58.0,0.0
0134453AR,893.97,733.93,258.0,1.0,1.0,58.8,0.057,216.1,0.221,29.1,0.027,182.2,0.215,192.2,0.194,58.0,0.056
0134455AR,955.04,524.43,168.0,0.0,1.0,61.7,0.0,226.7,0.0,29.1,0.0,194.1,0.0,201.7,0.0,58.0,0.0
0134467AR,267.22,775.66,233.0,0.0,1.0,61.7,0.0,226.7,0.0,29.1,0.0,194.1,0.0,201.7,0.0,58.0,0.0
0134468AR,751.39,891.46,9.0,1.0,0.67,38.2,0.057,107.4,0.214,19.4,0.027,114.2,0.215,95.6,0.188,34.4,0.056
0134478AR,983.65,554.12,6.0,0.0,1.0,61.7,0.0,226.7,0.0,29.1,0.0,194.1,0.0,201.7,0.0,58.0,0.0
0134481AR,772.08,324.54,32.0,0.0,0.83,60.4,0.0,206.0,0.0,29.1,0.0,186.2,0.0,183.3,0.0,58.0,0.0
0134483AR,900.52,245.0,73.0,0.22,1.0,61.7,0.016,226.7,0.066,29.1,0.003,194.1,0.079,201.7,0.058,58.0,0.004
0134488AR,1095.7,1073.77,4685.0,0.0,1.0,61.7,0.0,226.7,0.0,29.1,0.0,194.1,0.0,201.7,0.0,58.0,0.0
0134489AR,696.42,49.26,2815.0,0.0,1.0,61.7,0.0,223.2,0.0,29.1,0.0,194.1,0.0,193.3,0.0,58.0,0.0
0134491AR,991.66,583.38,12.0,0.0,1.0,61.7,0.0,226.7,0.0,29.1,0.0,194.1,0.0,201.7,0.0,58.0,0.0
0134494AR,518.48,54.51,582.0,0.0,1.0,61.7,0.0,210.2,0.0,29.1,0.0,194.1,0.0,183.3,0.0,58.0,0.0
0134495AR,504.31,374.86,27640.0,0.0,1.0,61.7,0.0,226.7,0.0,29.1,0.0,194.1,0.0,201.7,0.0,58.0,0.0
0134500AR,478.22,390.86,23996.0,0.0,1.0,61.7,0.0,226.7,0.0,29.1,0.0,194.1,0.0,201.7,0.0,58.0,0.0
0134501AR,1087.0,938.0,285.0,1.0,1.0,61.7,0.057,226.7,0.221,29.1,0.027,194.1,0.215,201.7,0.194,58.0,0.056
0134508AR,1077.96,1071.2,21.0,0.14,1.0,61.7,0.011,226.7,0.041,29.1,0.003,194.1,0.053,201.7,0.036,58.0,0.004
0134511AR,772.85,237.13,500202.0,1.0,1.0,61.7,0.057,226.7,0.221,29.1,0.027,194.1,0.215,201.7,0.194,58.0,0.056
0134512AR,192.87,799.04,13.0,0.0,0.67,41.5,0.0,157.6,0.0,19.4,0.0,134.0,0.0,140.2,0.0,38.7,0.0
0134516AR,526.22,300.99,24.0,0.0,0.67,46.5,0.0,184.2,0.0,19.4,0.0,146.6,0.0,163.9,0.0,45.3,0.0
0134518AR,890.18,73.76,547125.0,1.0,0.33,23.8,0.057,83.8,0.221,9.7,0.027,73.9,0.215,74.6,0.194,21.8,0.056
0134521AR,825.95,478.94,335.0,0.0,1.0,61.7,0.0,226.7,0.0,29.1,0.0,194.1,0.0,201.7,0.0,58.0,0.0
0134522AR,480.0,373.11,13.0,0.0,0.5,58.0,0.0,193.6,0.0,26.4,0.0,169.0,0.0,173.3,0.0,56.8,0.0
0134528AR,931.39,360.72,13.0,0.0,1.0,61.7,0.0,226.7,0.0,29.1,0.0,194.1,0.0,201.7,0.0,58.0,0.0
0134543AR,841.07,535.54,4651.0,0.0,1.0,61.7,0.0,226.7,0.0,29.1,0.0,194.1,0.0,201.7,0.0,58.0,0.0
0134545AR,496.68,362.64,7.0,0.0,1.0,61.7,0.0,226.7,0.0,29.1,0.0,194.1,0.0,201.7,0.0,58.0,0.0
0134547AR,138.5,361.88,3613.0,0.0,0.83,47.3,0.0,171.8,0.0,24.8,0.0,143.9,0.0,149.7,0.0,49.6,0.0
0134553AR,900.09,755.55,43.0,1.0,1.0,61.7,0.057,226.7,0.221,29.1,0.027,194.1,0.215,201.7,0.194,58.0,0.056
0134557AR,103.71,627.02,526.0,0.0,0.17,14.8,0.0,85.6,0.0,3.2,0.0,59.4,0.0,76.2,0.0,15.1,0.0
0134559AR,402.32,378.52,3004.0,0.0,1.0,61.7,0.0,226.7,0.0,29.1,0.0,194.1,0.0,201.7,0.0,58.0,0.0
0134562AR,809.66,173.75,503093.0,1.0,0.67,56.7,0.057,195.4,0.221,26.4,0.027,167.0,0.215,174.9,0.194,57.4,0.056
0134566AR,357.0,768.0,17.0,0.0,0.67,49.3,0.0,155.9,0.0,22.6,0.0,150.5,0.0,138.7,0.0,42.9,0.0
0134570AR,758.46,274.07,3901.0,0.92,1.0,61.7,0.055,226.7,0.2,29.1,0.027,194.1,0.202,201.7,0.176,58.0,0.053
0134585AR,811.11,421.49,205832.0,0.0,1.0,61.7,0.0,226.7,0.0,29.1,0.0,194.1,0.0,201.7,0.0,58.0,0.0
0134595AR,849.0,139.0,20.0,1.0,1.0,61.7,0.057,226.7,0.221,29.1,0.027,194.1,0.215,201.7,0.194,58.0,0.056
0134597AR,897.0,233.0,8.0,0.92,1.0,61.7,0.052,226.7,0.19,29.1,0.027,194.1,0.18,201.7,0.167,58.0,0.056
0134600AR,1096.4,972.99,35.0,0.0,1.0,61.7,0.0,226.7,0.0,29.1,0.0,194.1,0.0,201.7,0.0,58.0,0.0
0134602AR,976.35,525.37,10.0,0.0,1.0,61.7,0.0,226.7,0.0,29.1,0.0,194.1,0.0,201.7,0.0,58.0,0.0
0134606AR,309.56,435.54,252.0,0.0,1.0,61.7,0.0,226.7,0.0,29.1,0.0,194.1,0.0,201.7,0.0,58.0,0.0
0134613AR,209.76,187.25,777.0,0.0,0.67,39.5,0.0,129.9,0.0,23.7,0.0,110.9,0.0,111.9,0.0,42.3,0.0
0134617AR,754.0,897.0,17.0,1.0,0.67,41.1,0.057,122.8,0.214,19.4,0.027,122.1,0.215,109.3,0.188,36.9,0.056
0134619AR,895.59,227.43,18.0,1.0,1.0,61.7,0.057,226.7,0.221,29.1,0.027,194.1,0.215,201.7,0.194,58.0,0.056
0134624AR,52.75,616.2,33.0,0.0,1.0,61.7,0.0,226.7,0.0,29.1,0.0,194.1,0.0,201.7,0.0,58.0,0.0
0134625AR,192.18,230.46,326.0,0.0,0.67,43.2,0.0,147.0,0.0,23.2,0.0,124.8,0.0,130.8,0.0,47.1,0.0
0134630AR,809.64,467.99,10176.0,0.0,1.0,61.7,0.0,225.5,0.0,29.1,0.0,193.4,0.0,201.2,0.0,58.0,0.0
0134643AR,778.0,909.0,2473.0,0.92,1.0,60.0,0.05,222.6,0.186,28.0,0.027,190.1,0.171,198.0,0.164,56.2,0.056
0134644AR,797.97,950.9,1274.0,0.0,1.0,58.4,0.0,217.9,0.0,29.1,0.0,185.5,0.0,193.8,0.0,57.4,0.0
0134648AR,775.78,217.6,93.0,1.0,1.0,61.7,0.057,226.7,0.221,29.1,0.027,194.1,0.215,201.7,0.194,58.0,0.056
0134655AR,534.34,315.28,263.0,0.0,1.0,61.7,0.0,223.8,0.0,29.1,0.0,192.1,0.0,199.1,0.0,58.0,0.0
0134658AR,319.59,746.43,3851.0,0.0,1.0,61.7,0.0,213.1,0.0,29.1,0.0,189.5,0.0,189.6,0.0,58.0,0.0
0134662AR,475.43,375.99,8.0,0.0,1.0,60.4,0.0,206.0,0.0,29.1,0.0,180.9,0.0,183.3,0.0,58.0,0.0
0134667AR,702.41,49.05,2868.0,0.0,1.0,61.7,0.0,223.2,0.0,29.1,0.0,194.1,0.0,199.1,0.0,58.0,0.0
0134668AR,1048.74,1066.98,83320.0,0.0,1.0,61.7,0.0,226.7,0.0,29.1,0.0,194.1,0.0,201.7,0.0,58.0,0.0
0134671AR,1094.87,967.35,216.0,0.0,1.0,61.7,0.0,226.7,0.0,29.1,0.0,194.1,0.0,201.7,0.0,58.0,0.0
0134675AR,458.35,419.87,29.0,0.0,1.0,61.7,0.0,226.1,0.0,29.1,0.0,192.1,0.0,201.2,0.0,58.0,0.0
0134676AR,228.97,911.88,27.0,0.0,0.5,35.8,0.0,138.1,0.0,16.7,0.0,112.2,0.0,122.9,0.0,35.7,0.0
0134679AR,870.62,111.1,90.0,1.0,0.83,60.0,0.057,219.0,0.221,26.4,0.027,186.2,0.215,197.5,0.194,55.0,0.056
0134689AR,1016.76,676.76,4.0,0.44,1.0,61.7,0.032,226.7,0.097,29.1,0.018,194.1,0.114,201.7,0.085,58.0,0.025
0134692AR,781.2,308.35,206952.0,0.0,1.0,61.7,0.0,226.7,0.0,29.1,0.0,194.1,0.0,201.7,0.0,58.0,0.0
0134693AR,509.21,271.33,30.0,0.0,0.67,47.7,0.0,180.7,0.0,21.5,0.0,147.9,0.0,160.7,0.0,47.1,0.0
0134696AR,819.39,161.15,514038.0,1.0,0.5,36.2,0.057,122.8,0.217,16.7,0.027,110.3,0.215,109.3,0.191,34.4,0.056
0134702AR,214.0,176.0,879.0,1.0,0.67,39.1,0.057,136.4,0.221,22.6,0.027,115.5,0.215,121.3,0.194,41.7,0.056
0134703AR,198.23,809.19,48.0,0.0,1.0,61.7,0.0,226.7,0.0,29.1,0.0,194.1,0.0,201.7,0.0,58.0,0.0
0134708AR,56.8,653.27,5316.0,0.0,0.83,58.4,0.0,206.0,0.0,25.9,0.0,178.3,0.0,183.3,0.0,54.4,0.0
0134711AR,77.65,689.77,3391.0,0.0,0.83,55.5,0.0,190.7,0.0,24.2,0.0,166.4,0.0,169.7,0.0,53.8,0.0
0134713AR,137.64,778.78,15121.0,0.0,0.67,48.9,0.0,178.9,0.0,23.2,0.0,151.8,0.0,159.2,0.0,47.7,0.0
0134715AR,634.85,973.91,1358.0,0.0,0.5,42.3,0.0,149.4,0.0,15.1,0.0,120.2,0.0,132.9,0.0,45.3,0.0
0134716AR,148.7,598.61,1182.0,0.0,1.0,61.7,0.0,226.7,0.0,29.1,0.0,194.1,0.0,201.7,0.0,58.0,0.0
0134717AR,801.61,199.61,30.0,1.0,1.0,61.7,0.057,226.7,0.221,29.1,0.027,194.1,0.215,201.7,0.194,58.0,0.056
0134718AR,507.35,54.96,414.0,0.0,1.0,61.7,0.0,224.3,0.0,29.1,0.0,194.1,0.0,199.6,0.0,58.0,0.0
0134721AR,120.79,404.73,3163.0,0.0,0.83,39.5,0.0,134.6,0.0,22.1,0.0,115.5,0.0,119.8,0.0,42.3,0.0
0134724AR,358.97,541.11,23.0,0.0,1.0,61.7,0.0,226.7,0.0,29.1,0.0,194.1,0.0,201.7,0.0,58.0,0.0
0134725AR,816.14,165.38,503324.0,1.0,0.5,38.6,0.057,131.7,0.21,16.2,0.027,116.2,0.211,117.1,0.185,32.6,0.056
0134726AR,195.81,854.22,10.0,0.0,0.67,53.4,0.0,191.3,0.0,24.2,0.0,163.7,0.0,170.2,0.0,52.0,0.0
0134727AR,1083.89,926.7,132.0,1.0,1.0,61.7,0.057,226.7,0.221,29.1,0.027,194.1,0.215,201.7,0.194,58.0,0.056
0134728AR,816.59,496.11,193506.0,0.0,1.0,61.7,0.0,226.7,0.0,29.1,0.0,194.1,0.0,201.7,0.0,58.0,0.0
0134729AR,147.12,340.51,3841.0,0.0,0.67,32.5,0.0,118.7,0.0,18.3,0.0,98.4,0.0,105.6,0.0,38.7,0.0
0134737AR,79.0,507.0,2033.0,0.0,0.67,42.3,0.0,134.6,0.0,23.2,0.0,120.2,0.0,119.8,0.0,42.9,0.0
0134744AR,762.09,915.95,9.0,1.0,0.67,39.9,0.057,119.8,0.207,19.4,0.027,119.5,0.215,106.6,0.182,35.1,0.056
0134745AR,633.89,979.82,66.0,0.0,1.0,53.4,0.0,193.6,0.0,29.1,0.0,164.4,0.0,172.3,0.0,55.6,0.0
0134747AR,995.0,676.0,13.0,0.0,1.0,61.7,0.0,226.7,0.0,29.1,0.0,194.1,0.0,201.7,0.0,58.0,0.0
0134749AR,770.48,891.12,2871.0,0.81,1.0,61.7,0.041,226.7,0.162,29.1,0.024,194.1,0.145,201.7,0.142,58.0,0.053
0134751AR,878.82,120.39,27.0,1.0,1.0,61.7,0.057,226.7,0.221,29.1,0.027,194.1,0.215,201.7,0.194,58.0,0.056
0134757AR,779.68,302.32,207032.0,0.0,1.0,61.7,0.0,226.7,0.0,29.1,0.0,194.1,0.0,201.7,0.0,58.0,0.0
0134761AR,495.91,248.56,138566.0,0.0,1.0,61.7,0.0,226.7,0.0,29.1,0.0,194.1,0.0,201.7,0.0,58.0,0.0
0134780AR,869.42,44.57,1469.0,1.0,1.0,61.7,0.057,196.6,0.221,29.1,0.027,194.1,0.215,171.2,0.194,58.0,0.056
0134787AR,287.29,751.93,575.0,0.0,0.17,9.5,0.0,46.0,0.0,2.7,0.0,35.0,0.0,41.0,0.0,10.9,0.0
0134788AR,490.0,367.0,7.0,0.0,0.33,40.3,0.0,160.0,0.0,9.2,0.0,135.3,0.0,142.3,0.0,38.7,0.0
0134790AR,68.27,533.86,1626.0,0.0,0.83,60.4,0.0,204.9,0.0,28.6,0.0,182.2,0.0,182.3,0.0,57.4,0.0
0134791AR,1042.91,776.23,33.0,1.0,1.0,61.7,0.057,226.7,0.221,29.1,0.027,194.1,0.215,201.7,0.194,58.0,0.056
0134794AR,438.71,57.0,50475.0,0.0,1.0,61.7,0.0,210.8,0.0,29.1,0.0,192.8,0.0,187.5,0.0,58.0,0.0
0134799AR,1040.46,764.79,20.0,1.0,1.0,61.7,0.057,226.7,0.221,29.1,0.027,194.1,0.215,201.7,0.194,58.0,0.056
0134806AR,320.06,429.2,316.0,0.0,1.0,61.7,0.0,226.7,0.0,29.1,0.0,194.1,0.0,201.7,0.0,58.0,0.0
0134807AR,603.17,978.66,65.0,0.0,0.67,51.4,0.0,181.2,0.0,24.2,0.0,157.8,0.0,161.3,0.0,45.9,0.0
0134815AR,1027.88,717.66,4.0,1.0,1.0,61.7,0.057,226.7,0.221,29.1,0.027,194.1,0.215,201.7,0.194,58.0,0.056
0134816AR,230.26,780.39,172.0,0.0,0.67,41.1,0.0,159.4,0.0,19.4,0.0,135.3,0.0,141.8,0.0,38.7,0.0
0134819AR,601.17,989.46,69.0,0.0,0.67,50.2,0.0,177.1,0.0,23.2,0.0,154.5,0.0,157.6,0.0,44.7,0.0
0134829AR,770.38,318.06,1998.0,0.0,1.0,60.0,0.0,187.2,0.0,29.1,0.0,180.2,0.0,166.5,0.0,55.6,0.0
0134835AR,810.76,46.23,741.0,1.0,1.0,61.7,0.057,188.3,0.221,29.1,0.027,185.5,0.215,167.6,0.194,58.0,0.056
0134836AR,931.67,441.26,10.0,0.0,1.0,61.7,0.0,226.7,0.0,29.1,0.0,194.1,0.0,201.7,0.0,58.0,0.0
0134837AR,145.44,612.6,38.0,0.0,1.0,61.7,0.0,226.7,0.0,29.1,0.0,194.1,0.0,201.7,0.0,58.0,0.0
0134841AR,793.0,352.67,206538.0,0.0,1.0,61.7,0.0,226.7,0.0,29.1,0.0,194.1,0.0,201.7,0.0,58.0,0.0
0134842AR,495.36,55.34,313.0,0.0,1.0,61.7,0.0,209.6,0.0,29.1,0.0,194.1,0.0,186.5,0.0,58.0,0.0
0134850AR,881.85,44.06,1663.0,1.0,1.0,53.9,0.057,183.6,0.221,26.4,0.027,173.0,0.215,163.4,0.194,50.8,0.056
0134852AR,235.78,791.16,71.0,0.0,1.0,61.7,0.0,226.7,0.0,29.1,0.0,194.1,0.0,201.7,0.0,58.0,0.0
0134853AR,951.72,512.89,62.0,0.0,1.0,61.7,0.0,226.7,0.0,29.1,0.0,194.1,0.0,201.7,0.0,58.0,0.0
0134854AR,241.91,788.22,102.0,0.0,1.0,61.7,0.0,226.7,0.0,29.1,0.0,194.1,0.0,201.7,0.0,58.0,0.0
0134856AR,243.24,105.42,474.0,0.0,0.83,40.3,0.0,127.5,0.0,22.1,0.0,113.6,0.0,113.5,0.0,43.5,0.0
0134860AR,801.6,437.45,378.0,0.0,0.83,52.6,0.0,163.5,0.0,26.4,0.0,155.1,0.0,145.5,0.0,46.5,0.0
0134874AR,105.01,637.89,22.0,0.0,1.0,10.3,0.0,47.8,0.0,7.0,0.0,39.6,0.0,42.5,0.0,7.9,0.0
0134879AR,118.82,409.89,3109.0,0.0,0.67,35.4,0.0,119.8,0.0,19.4,0.0,103.7,0.0,106.6,0.0,37.5,0.0
0134883AR,74.74,684.58,3517.0,0.0,0.67,55.5,0.0,194.8,0.0,24.8,0.0,167.7,0.0,173.9,0.0,54.4,0.0
0134890AR,834.15,158.0,20.0,1.0,1.0,61.7,0.057,226.7,0.221,29.1,0.027,194.1,0.215,201.7,0.194,58.0,0.056
0134897AR,1049.78,1060.22,43.0,0.0,1.0,61.7,0.0,226.7,0.0,29.1,0.0,194.1,0.0,201.7,0.0,58.0,0.0
0134899AR,953.66,519.06,22.0,0.0,1.0,61.7,0.0,226.7,0.0,29.1,0.0,194.1,0.0,201.7,0.0,58.0,0.0
0134900AR,155.32,800.71,14196.0,0.0,0.67,40.3,0.0,144.6,0.0,19.4,0.0,123.5,0.0,128.7,0.0,38.7,0.0
0134908AR,838.53,124.96,11.0,1.0,0.67,53.4,0.057,191.9,0.221,21.5,0.027,168.3,0.215,174.9,0.194,47.7,0.056
0134909AR,819.39,991.01,181.0,0.0,1.0,52.2,0.0,197.2,0.0,29.1,0.0,162.4,0.0,175.4,0.0,53.8,0.0
0134911AR,248.0,82.0,22323.0,0.0,0.83,55.5,0.0,190.1,0.0,24.2,0.0,169.0,0.0,169.1,0.0,49.0,0.0
0134918AR,433.18,380.6,8271.0,0.0,1.0,61.7,0.0,224.9,0.0,29.1,0.0,194.1,0.0,200.1,0.0,58.0,0.0
0134923AR,1074.88,891.67,89.0,1.0,1.0,61.7,0.057,226.7,0.221,29.1,0.027,194.1,0.215,201.7,0.194,58.0,0.056
0134924AR,953.29,441.99,26.0,0.0,1.0,61.7,0.0,226.7,0.0,29.1,0.0,194.1,0.0,201.7,0.0,58.0,0.0
0134925AR,896.93,745.06,157.0,1.0,1.0,61.7,0.057,226.7,0.221,29.1,0.027,194.1,0.215,201.7,0.194,58.0,0.056
0134931AR,969.7,582.9,47.0,0.0,1.0,61.7,0.0,226.7,0.0,29.1,0.0,194.1,0.0,201.7,0.0,58.0,0.0
0134933AR,403.7,511.93,44.0,0.0,1.0,61.7,0.0,226.7,0.0,29.1,0.0,194.1,0.0,201.7,0.0,58.0,0.0
0134934AR,839.34,528.79,6.0,0.0,1.0,61.7,0.0,226.7,0.0,29.1,0.0,194.1,0.0,201.7,0.0,58.0,0.0
0134936AR,852.06,134.85,27431.0,1.0,1.0,61.7,0.057,226.7,0.221,29.1,0.027,194.1,0.215,201.7,0.194,58.0,0.056
0134938AR,65.74,583.01,146.0,0.0,1.0,61.7,0.0,226.7,0.0,29.1,0.0,194.1,0.0,201.7,0.0,58.0,0.0
0134939AR,783.86,921.01,2099.0,0.89,1.0,56.7,0.05,213.1,0.169,28.0,0.027,181.6,0.158,189.6,0.149,55.0,0.056
0134941AR,798.06,204.33,500700.0,1.0,1.0,61.7,0.057,226.7,0.221,29.1,0.027,194.1,0.215,201.7,0.194,58.0,0.056
0134943AR,768.38,257.97,18.0,1.0,1.0,61.7,0.057,226.7,0.221,29.1,0.027,194.1,0.215,201.7,0.194,58.0,0.056
0134951AR,151.2,330.34,3969.0,0.0,0.83,41.1,0.0,136.4,0.0,22.6,0.0,119.5,0.0,121.3,0.0,44.7,0.0
0134952AR,633.17,985.76,205.0,0.0,0.83,51.8,0.0,187.2,0.0,26.9,0.0,157.1,0.0,166.5,0.0,54.4,0.0
0134953AR,112.28,426.79,2918.0,0.0,0.83,32.5,0.0,119.3,0.0,19.4,0.0,97.0,0.0,106.1,0.0,37.5,0.0
0134959AR,464.4,399.39,9652.0,0.0,1.0,61.7,0.0,226.7,0.0,29.1,0.0,194.1,0.0,201.7,0.0,58.0,0.0
0134967AR,602.32,984.73,73.0,0.0,0.67,51.4,0.0,180.1,0.0,24.2,0.0,157.1,0.0,160.2,0.0,45.9,0.0
0134968AR,1090.97,1066.17,12.0,0.0,1.0,61.7,0.0,226.7,0.0,29.1,0.0,194.1,0.0,201.7,0.0,58.0,0.0
0134970AR,883.69,262.09,115.0,0.0,1.0,61.7,0.0,226.7,0.0,29.1,0.0,194.1,0.0,201.7,0.0,58.0,0.0
0134981AR,439.57,390.93,87.0,0.0,1.0,61.7,0.0,226.1,0.0,29.1,0.0,194.1,0.0,201.2,0.0,58.0,0.0
0134982AR,949.95,507.08,33.0,0.0,1.0,61.7,0.0,226.7,0.0,29.1,0.0,194.1,0.0,201.7,0.0,58.0,0.0
0134984AR,355.74,407.34,1110.0,0.0,1.0,61.7,0.0,226.7,0.0,29.1,0.0,194.1,0.0,201.7,0.0,58.0,0.0
0134985AR,809.38,189.83,42.0,1.0,1.0,61.7,0.057,226.7,0.221,29.1,0.027,194.1,0.215,201.7,0.194,58.0,0.056
0134987AR,882.84,83.29,546357.0,1.0,0.33,28.4,0.057,111.6,0.221,10.2,0.027,92.4,0.215,103.0,0.194,23.6,0.056
0134990AR,1020.0,689.04,5.0,0.31,1.0,61.7,0.02,226.7,0.083,29.1,0.009,194.1,0.092,201.7,0.073,58.0,0.011
0134991AR,205.63,869.82,414.0,0.0,0.83,58.4,0.0,200.1,0.0,24.8,0.0,176.3,0.0,178.1,0.0,55.0,0.0
0135011AR,974.11,519.17,11.0,0.0,1.0,61.7,0.0,226.7,0.0,29.1,0.0,194.1,0.0,201.7,0.0,58.0,0.0
0135013AR,804.41,46.44,656.0,1.0,1.0,61.7,0.057,193.1,0.221,29.1,0.027,188.2,0.215,172.3,0.194,58.0,0.056
0135015AR,230.07,137.89,152.0,0.0,0.67,23.8,0.0,93.9,0.0,16.2,0.0,75.9,0.0,83.5,0.0,30.2,0.0
0135016AR,1037.22,753.48,16.0,1.0,1.0,61.7,0.057,226.7,0.221,29.1,0.027,194.1,0.215,201.7,0.194,58.0,0.056
0135029AR,340.16,416.58,52.0,0.0,1.0,61.7,0.0,226.7,0.0,29.1,0.0,194.1,0.0,201.7,0.0,58.0,0.0
0135036AR,153.54,324.51,4028.0,0.0,0.83,46.5,0.0,160.0,0.0,24.2,0.0,137.3,0.0,138.1,0.0,48.3,0.0
0135037AR,819.53,176.47,4.0,1.0,1.0,61.7,0.057,226.7,0.221,29.1,0.027,194.1,0.215,201.7,0.194,58.0,0.056
0135040AR,922.59,406.63,22.0,0.0,1.0,61.7,0.0,226.7,0.0,29.1,0.0,194.1,0.0,201.7,0.0,58.0,0.0
0135041AR,211.45,789.63,75.0,0.0,0.67,51.4,0.0,191.9,0.0,22.1,0.0,160.4,0.0,172.8,0.0,45.9,0.0
0292953AR,735.73,849.84,51.0,1.0,1.0,61.7,0.057,226.7,0.221,29.1,0.027,194.1,0.215,201.7,0.194,58.0,0.056
0314475AR,756.98,268.26,112.0,1.0,1.0,61.7,0.057,226.7,0.21,29.1,0.027,194.1,0.215,201.7,0.185,58.0,0.056
0330769AR,339.38,532.22,49644.0,0.0,1.0,61.7,0.0,226.7,0.0,29.1,0.0,194.1,0.0,201.7,0.0,58.0,0.0
