duration_min,T_years,max_mmh,min_mmh,mean_mmh,normal95_mmh,design_intensity_mmh
10,1,51.6,19.8,40.26,52.87,51.6
20,1,41.4,12.6,29.24,41.06,41.06
30,1,35.4,9.8,23.41,33.37,33.37
60,1,19.9,6.8,14.25,19.57,19.57
120,1,11.2,4.95,8.73,11.12,11.12
10,2,89.7,66,78.59,88.66,88.66
20,2,65.85,48.6,56.15,63.54,63.54
30,2,50.6,37.2,43.86,50.09,50.09
60,2,32.8,23.8,28.19,31.92,31.92
120,2,20.15,15.14,17.08,19.14,19.14
10,5,127.7,88.66,104.55,124.79,124.79
20,5,101.25,65.66,78.49,94.54,94.54
30,5,77.6,53.59,63.53,75.42,75.42
60,5,50,34.14,40.84,48.86,48.86
120,5,29.75,19.28,25.5,30.05,29.75
10,10,152.8,99.64,121.77,146.83,146.83
20,10,125.48,72.17,93.82,117.69,117.69
30,10,98.1,56.46,78.48,97.96,97.96
60,10,63.25,36.02,50.57,62.53,62.53
120,10,41.47,20.14,31.37,40.44,40.44
