cat_nom_cientific,trees,share
Platanus × acerifolia,829,0.293
Celtis australis,296,0.105
Melia azedarach,167,0.059
Pyrus calleryana,147,0.052
Jacaranda mimosifolia,145,0.051
Tipuana tipu,139,0.049
Brachychiton populneus,103,0.036
Citrus × aurantium,97,0.034
Robinia pseudoacacia,83,0.029
Catalpa bignonioides,83,0.029
Grevillea robusta,67,0.024
Casuarina cunninghamiana,62,0.022
Populus nigra,61,0.022
Celtis sinensis,53,0.019
Gleditsia triacanthos,47,0.017
Handroanthus heptaphyllus,45,0.016
Fraxinus angustifolia,44,0.016
Populus alba,42,0.015
Ligustrum lucidum,39,0.014
Morus alba,37,0.013
Tilia x europaea,29,0.01
Prunus cerasifera,29,0.01
Acer monspessulanum,20,0.007
X chitalpa tashkentensis,19,0.007
Hibiscus syriacus,19,0.007
Eugenia uniflora,15,0.005
Koelreuteria paniculata,10,0.004
Hesperocyparis macrocarpa,9,0.003
Tilia x euchlora,9,0.003
Acer campestre,8,0.003
Eucalyptus camaldulensis,8,0.003
Cercis siliquastrum,6,0.002
Styphnolobium japonicum,5,0.002
Prunus serrulata,5,0.002
Gleditsia triacanthos f. inermis,5,0.002
Ulmus pumila,4,0.001
Fraxinus ornus,4,0.001
Crataegus x media,4,0.001
Cupressus sempervirens,4,0.001
Platanus × acerifolia PLATANOR®,3,0.001
Acer negundo,3,0.001
Photinia x fraseri,3,0.001
Celtis occidentalis,3,0.001
Tilia tomentosa,3,0.001
Morus nigra,2,0.001
Populus x canadensis,2,0.001
Brachychiton acerifolius,2,0.001
Pinus pinea,1,0.0
Phoenix dactylifera,1,0.0
Ulmus RESISTA®,1,0.0
Liquidambar styraciflua,1,0.0
Magnolia grandiflora,1,0.0
Eriobotrya japonica,1,0.0
