species,n,height_med,crown_diam_med,crown_base_med,gap_med,lai_proxy_med,lai_proxy_iqr
Platanus × acerifolia,807,14.3,8.35,6.68,0.32,2.31,0.86
Celtis australis,273,9.51,4.55,4.66,0.37,2.0,1.3
Melia azedarach,161,9.82,8.43,4.62,0.32,2.26,0.88
Jacaranda mimosifolia,141,9.18,7.33,5.03,0.23,2.91,1.14
Tipuana tipu,136,9.96,8.01,4.8,0.33,2.2,0.93
Pyrus calleryana,129,6.58,3.09,3.2,0.35,2.08,0.84
Brachychiton populneus,98,8.33,4.28,3.76,0.33,2.23,0.79
Citrus × aurantium,88,5.36,3.19,3.76,0.36,2.04,1.03
Robinia pseudoacacia,65,13.27,7.59,5.79,0.32,2.28,0.87
Catalpa bignonioides,63,8.45,5.53,4.32,0.32,2.29,0.86
Populus nigra,61,14.91,5.35,4.65,0.27,2.64,0.61
Grevillea robusta,59,10.79,4.18,4.33,0.3,2.44,0.65
Casuarina cunninghamiana,52,15.28,5.03,4.38,0.3,2.41,0.68
Celtis sinensis,52,8.56,5.86,4.61,0.28,2.51,0.71
Gleditsia triacanthos,46,7.82,5.63,4.46,0.39,1.9,0.59
Populus alba,42,13.09,4.4,4.31,0.26,2.72,0.42
Fraxinus angustifolia,36,11.59,3.99,3.7,0.34,2.16,0.67
Ligustrum lucidum,35,6.47,4.65,3.92,0.33,2.24,1.54
Morus alba,32,5.75,5.0,3.36,0.38,1.92,0.63
Tilia x europaea,29,7.11,4.18,3.63,0.4,1.82,0.74
Handroanthus heptaphyllus,25,6.73,2.59,3.97,0.35,2.09,0.57
Acer monspessulanum,20,6.96,3.36,3.94,0.3,2.4,1.01
Prunus cerasifera,19,6.81,4.22,3.15,0.36,2.07,0.63
X chitalpa tashkentensis,16,6.46,5.24,2.9,0.33,2.22,0.85
Eugenia uniflora,15,4.94,2.65,2.28,0.35,2.11,0.42
Hibiscus syriacus,14,4.11,2.79,2.78,0.43,1.69,0.59
Hesperocyparis macrocarpa,9,10.08,4.65,2.5,0.27,2.64,0.22
Koelreuteria paniculata,8,7.35,1.78,3.64,0.34,2.19,1.4
Eucalyptus camaldulensis,8,14.22,7.09,5.04,0.38,1.94,0.52
Acer campestre,5,15.67,5.14,4.9,0.32,2.27,0.16
Prunus serrulata,5,5.92,4.03,3.64,0.22,3.01,1.34
Styphnolobium japonicum,5,10.93,8.85,4.45,0.19,3.32,0.97
Ulmus pumila,4,12.93,10.33,5.19,0.28,2.56,0.43
Tilia x euchlora,4,8.13,6.09,3.56,0.43,1.69,0.62
Cercis siliquastrum,4,9.76,3.86,5.22,0.3,2.46,1.95
Crataegus x media,4,6.64,3.86,3.38,0.45,1.58,0.49
Acer negundo,3,9.56,8.23,3.92,0.25,2.78,0.35
Fraxinus ornus,3,6.6,3.19,3.66,0.31,2.34,0.67
Tilia tomentosa,3,6.04,4.15,3.39,0.46,1.55,0.24
Brachychiton acerifolius,2,16.8,5.78,6.74,0.29,2.57,0.61
Morus nigra,2,14.66,5.66,3.36,0.19,3.36,0.48
Cupressus sempervirens,2,9.96,2.61,2.57,0.28,2.6,0.38
Celtis occidentalis,2,8.89,5.1,3.54,0.35,2.22,0.66
Gleditsia triacanthos f. inermis,2,11.75,8.86,5.36,0.34,2.17,0.04
Platanus × acerifolia PLATANOR®,2,6.7,3.44,2.88,0.33,2.45,0.92
Populus x canadensis,2,15.67,9.38,4.59,0.28,2.58,0.21
Photinia x fraseri,2,5.9,3.08,2.62,0.44,1.64,0.08
Eriobotrya japonica,1,8.33,4.41,5.44,0.37,2.01,0.0
Pinus pinea,1,10.92,11.14,6.79,0.32,2.28,0.0
Phoenix dactylifera,1,21.64,6.96,6.17,0.17,3.51,0.0
Magnolia grandiflora,1,5.9,3.43,3.51,0.39,1.89,0.0
Ulmus RESISTA®,1,14.65,9.95,6.38,0.24,2.86,0.0
