scenario,T_years,duration_min,P_mm,runoff_m3,runoff_open_space_m3,interception_m3,canopy_ha,d_runoff_vs_S0_pct,tree_effect_vs_none_pct
S_none_street,1,60,19.6,9599.76,6067.94,412.22,10.24,3.27,0.0
S_none_street,2,60,31.9,17982.79,11533.82,412.22,10.24,1.89,0.0
S_none_street,10,60,62.5,40541.25,26710.92,412.22,10.24,0.91,0.0
S_none_street,2,20,21.2,10653.25,6746.37,412.22,10.24,2.98,0.0
S0_current,1,60,19.6,9296.1,5764.28,817.51,19.41,0.0,-3.16
S0_current,2,60,31.9,17649.57,11200.6,817.51,19.41,0.0,-1.85
S0_current,10,60,62.5,40176.0,26345.67,817.51,19.41,0.0,-0.9
S0_current,2,20,21.2,10345.04,6438.16,817.51,19.41,0.0,-2.89
R_Celtis_mature,1,60,19.6,9390.91,5859.09,681.0,16.52,1.02,-2.18
R_Celtis_mature,2,60,31.9,17755.81,11306.84,681.0,16.52,0.6,-1.26
R_Celtis_mature,10,60,62.5,40295.44,26465.11,681.0,16.52,0.3,-0.61
R_Celtis_mature,2,20,21.2,10441.5,6534.62,681.0,16.52,0.93,-1.99
R_Celtis_young,1,60,19.6,9406.09,5874.28,657.95,15.86,1.18,-2.02
R_Celtis_young,2,60,31.9,17773.06,11324.1,657.95,15.86,0.7,-1.17
R_Celtis_young,10,60,62.5,40315.19,26484.86,657.95,15.86,0.35,-0.56
R_Celtis_young,2,20,21.2,10456.99,6550.11,657.95,15.86,1.08,-1.84
R_Melia_mature,1,60,19.6,9332.23,5800.41,771.18,18.66,0.39,-2.79
R_Melia_mature,2,60,31.9,17688.94,11239.98,771.18,18.66,0.22,-1.63
R_Melia_mature,10,60,62.5,40218.55,26388.22,771.18,18.66,0.11,-0.8
R_Melia_mature,2,20,21.2,10381.76,6474.88,771.18,18.66,0.35,-2.55
R_Melia_young,1,60,19.6,9404.45,5872.63,660.5,15.86,1.17,-2.03
R_Melia_young,2,60,31.9,17771.19,11322.22,660.5,15.86,0.69,-1.18
R_Melia_young,10,60,62.5,40313.01,26482.68,660.5,15.86,0.34,-0.56
R_Melia_young,2,20,21.2,10455.32,6548.44,660.5,15.86,1.07,-1.86
R_Tipuana_mature,1,60,19.6,9340.02,5808.21,759.22,18.45,0.47,-2.71
R_Tipuana_mature,2,60,31.9,17697.81,11248.85,759.22,18.45,0.27,-1.58
R_Tipuana_mature,10,60,62.5,40228.76,26398.43,759.22,18.45,0.13,-0.77
R_Tipuana_mature,2,20,21.2,10389.68,6482.8,759.22,18.45,0.43,-2.47
R_Tipuana_young,1,60,19.6,9404.83,5873.01,659.91,15.86,1.17,-2.03
R_Tipuana_young,2,60,31.9,17771.62,11322.65,659.91,15.86,0.69,-1.17
R_Tipuana_young,10,60,62.5,40313.52,26483.19,659.91,15.86,0.34,-0.56
R_Tipuana_young,2,20,21.2,10455.71,6548.82,659.91,15.86,1.07,-1.85
R_Jacaranda_mature,1,60,19.6,9323.64,5791.82,785.18,18.11,0.3,-2.88
R_Jacaranda_mature,2,60,31.9,17679.14,11230.17,785.18,18.11,0.17,-1.69
R_Jacaranda_mature,10,60,62.5,40206.85,26376.52,785.18,18.11,0.08,-0.82
R_Jacaranda_mature,2,20,21.2,10373.16,6466.28,785.18,18.11,0.27,-2.63
R_Jacaranda_young,1,60,19.6,9400.34,5868.52,666.92,15.86,1.12,-2.08
R_Jacaranda_young,2,60,31.9,17766.51,11317.54,666.92,15.86,0.66,-1.2
R_Jacaranda_young,10,60,62.5,40307.57,26477.24,666.92,15.86,0.33,-0.58
R_Jacaranda_young,2,20,21.2,10451.16,6544.28,666.92,15.86,1.03,-1.9
R_Pyrus_mature,1,60,19.6,9404.82,5873.01,659.83,15.89,1.17,-2.03
R_Pyrus_mature,2,60,31.9,17771.63,11322.67,659.83,15.89,0.69,-1.17
R_Pyrus_mature,10,60,62.5,40313.56,26483.23,659.83,15.89,0.34,-0.56
R_Pyrus_mature,2,20,21.2,10455.7,6548.82,659.83,15.89,1.07,-1.85
R_Pyrus_young,1,60,19.6,9405.59,5873.77,658.73,15.86,1.18,-2.02
R_Pyrus_young,2,60,31.9,17772.49,11323.52,658.73,15.86,0.7,-1.17
R_Pyrus_young,10,60,62.5,40314.52,26484.19,658.73,15.86,0.34,-0.56
R_Pyrus_young,2,20,21.2,10456.47,6549.59,658.73,15.86,1.08,-1.85
R_Brachychiton_mature,1,60,19.6,9390.9,5859.09,681.12,16.39,1.02,-2.18
R_Brachychiton_mature,2,60,31.9,17755.79,11306.83,681.12,16.39,0.6,-1.26
R_Brachychiton_mature,10,60,62.5,40295.38,26465.05,681.12,16.39,0.3,-0.61
R_Brachychiton_mature,2,20,21.2,10441.53,6534.65,681.12,16.39,0.93,-1.99
R_Brachychiton_young,1,60,19.6,9404.64,5872.82,660.21,15.86,1.17,-2.03
R_Brachychiton_young,2,60,31.9,17771.4,11322.44,660.21,15.86,0.69,-1.18
R_Brachychiton_young,10,60,62.5,40313.26,26482.94,660.21,15.86,0.34,-0.56
R_Brachychiton_young,2,20,21.2,10455.51,6548.63,660.21,15.86,1.07,-1.86
