barri,nom_districte,flood_mean,flood_high_share,heat_mean,heat_high_share,street_trees,plane_trees,plane_per_km2,score,lst_anom_C,score_lst,p_first_vuln,p_top3_vuln,p_first_lst,p_top3_lst,score4,p_top3_4crit,flood_high_share_rank,lst_anom_C_rank,heat_high_share_rank,plane_per_km2_rank,eligible_q50,eligible_q60,eligible_q70
Sant Antoni,Eixample,32.533,0.476,6.491,0.505,2475.0,989.0,1229.926,0.741,0.277,0.806,0.541,0.752,0.601,0.811,0.731,0.688,1,38,18,6,False,False,False
Porta,Nou Barris,28.507,0.152,8.194,0.907,2825.0,832.0,994.23,0.602,1.357,0.566,0.116,0.504,0.0,0.024,0.651,0.533,13,11,12,15,True,True,True
Verdun,Nou Barris,20.319,0.072,9.0,1.0,839.0,155.0,653.675,0.511,1.567,0.45,0.059,0.235,0.0,0.0,0.588,0.282,25,9,1,22,True,True,False
Sants - Badal,Sants-Montjuïc,29.5,0.201,7.838,1.0,829.0,90.0,217.08,0.516,1.106,0.442,0.099,0.351,0.0,0.0,0.581,0.292,11,14,1,47,False,False,False
les Corts,Les Corts,20.225,0.015,7.198,0.839,4861.0,1633.0,1157.817,0.515,-0.217,0.454,0.032,0.176,0.0,0.0,0.55,0.112,48,45,13,9,False,False,False
Sant Martí de Provençals,Sant Martí,31.193,0.277,4.783,0.0,2798.0,1258.0,1713.913,0.527,-0.681,0.731,0.153,0.446,0.285,0.7,0.548,0.338,5,53,34,1,False,False,False
Baró de Viver,Sant Andreu,20.318,0.081,7.0,1.0,681.0,15.0,65.25,0.403,2.205,0.362,0.0,0.021,0.0,0.028,0.521,0.144,22,2,1,61,False,False,False
el Poblenou,Sant Martí,32.823,0.376,3.717,0.0,3643.0,1861.0,1187.597,0.494,-0.79,0.695,0.0,0.307,0.0,0.481,0.521,0.234,2,57,34,7,False,False,False
Provençals del Poblenou,Sant Martí,31.873,0.268,4.074,0.0,2769.0,1463.0,1347.493,0.45,0.469,0.689,0.0,0.062,0.0,0.378,0.517,0.071,6,30,34,3,True,False,False
la Prosperitat,Nou Barris,21.696,0.023,8.999,1.0,1629.0,208.0,351.808,0.418,1.354,0.351,0.0,0.025,0.0,0.0,0.513,0.012,41,12,1,39,False,False,False
Vallbona,Nou Barris,17.71,0.084,8.984,1.0,214.0,2.0,3.258,0.393,2.168,0.35,0.0,0.016,0.0,0.023,0.513,0.084,20,3,1,68,False,False,False
la Maternitat i Sant Ramon,Les Corts,18.908,0.002,7.55,1.0,2948.0,729.0,380.6,0.409,0.815,0.325,0.0,0.017,0.0,0.0,0.494,0.005,58,21,1,35,False,False,False
la Trinitat Nova,Nou Barris,16.407,0.0,8.882,1.0,1020.0,106.0,183.8,0.369,2.037,0.323,0.0,0.0,0.0,0.0,0.492,0.035,59,4,1,50,False,False,False
la Trinitat Vella,Sant Andreu,19.587,0.01,7.418,1.0,1271.0,167.0,206.784,0.381,1.397,0.315,0.0,0.0,0.0,0.0,0.486,0.0,51,10,1,49,False,False,False
la Guineueta,Nou Barris,22.53,0.079,6.805,0.779,1291.0,215.0,351.334,0.383,0.447,0.362,0.0,0.0,0.0,0.0,0.466,0.0,23,33,14,40,False,False,False
les Roquetes,Nou Barris,13.322,0.0,8.999,1.0,936.0,33.0,51.321,0.343,1.724,0.287,0.0,0.0,0.0,0.0,0.466,0.0,59,7,1,64,False,False,False
l'Antiga Esquerra de l'Eixample,Eixample,21.791,0.044,6.109,0.303,3528.0,1444.0,1175.46,0.36,0.693,0.505,0.0,0.0,0.0,0.0,0.455,0.0,33,24,23,8,True,False,False
el Clot,Sant Martí,28.843,0.264,4.13,0.0,2099.0,657.0,942.85,0.369,0.063,0.595,0.0,0.0,0.0,0.0,0.446,0.0,7,39,34,17,False,False,False
la Nova Esquerra de l'Eixample,Eixample,21.819,0.027,6.483,0.469,3442.0,1186.0,884.628,0.347,0.569,0.433,0.0,0.0,0.0,0.0,0.442,0.0,38,26,20,18,False,False,False
la Verneda i la Pau,Sant Martí,22.963,0.058,5.685,0.0,4091.0,1692.0,1497.391,0.332,0.945,0.585,0.0,0.059,0.03,0.216,0.439,0.068,29,17,34,2,True,True,False
Sants,Sants-Montjuïc,23.154,0.035,6.963,0.679,1870.0,382.0,348.972,0.319,0.838,0.343,0.0,0.0,0.0,0.0,0.427,0.0,37,20,17,41,False,False,False
el Congrés i els Indians,Sant Andreu,30.361,0.311,5.067,0.0,1320.0,184.0,449.642,0.305,1.276,0.569,0.0,0.023,0.0,0.192,0.427,0.061,3,13,34,30,True,False,False
la Bordeta,Sants-Montjuïc,28.21,0.292,5.981,0.282,1040.0,78.0,136.313,0.325,0.585,0.474,0.0,0.006,0.0,0.0,0.426,0.002,4,25,24,55,False,False,False
Hostafrancs,Sants-Montjuïc,22.501,0.0,6.662,0.717,1162.0,181.0,441.542,0.325,0.294,0.32,0.0,0.0,0.0,0.0,0.419,0.0,59,37,15,31,False,False,False
Ciutat Meridiana,Nou Barris,14.329,0.007,8.978,1.0,112.0,0.0,0.0,0.338,-0.469,0.215,0.0,0.0,0.0,0.0,0.411,0.0,52,50,1,70,False,False,False
el Besòs i el Maresme,Sant Martí,24.725,0.113,4.957,0.0,4070.0,1583.0,1309.657,0.334,-0.697,0.537,0.0,0.0,0.0,0.0,0.403,0.0,14,54,34,4,False,False,False
Vilapicina i la Torre Llobeta,Nou Barris,30.736,0.247,5.322,0.002,2061.0,301.0,533.43,0.277,0.953,0.531,0.0,0.0,0.0,0.0,0.398,0.0,8,16,32,27,True,True,False
la Dreta de l'Eixample,Eixample,22.335,0.052,4.11,0.0,6052.0,2696.0,1271.77,0.283,0.299,0.518,0.0,0.0,0.0,0.0,0.388,0.0,30,36,34,5,True,False,False
Sant Andreu,Sant Andreu,26.01,0.09,6.162,0.372,4945.0,681.0,364.674,0.258,1.022,0.39,0.0,0.0,0.0,0.0,0.385,0.0,18,15,21,37,False,False,False
el Raval,Ciutat Vella,22.694,0.042,6.469,0.474,1571.0,479.0,435.339,0.272,-0.21,0.332,0.0,0.0,0.0,0.0,0.368,0.0,34,44,19,32,False,False,False
el Camp de l'Arpa del Clot,Sant Martí,25.225,0.154,4.255,0.0,2007.0,496.0,669.692,0.238,0.794,0.487,0.0,0.0,0.0,0.0,0.365,0.0,12,22,34,21,True,True,True
el Fort Pienc,Eixample,22.572,0.061,3.702,0.0,2308.0,980.0,1054.481,0.248,0.473,0.487,0.0,0.0,0.0,0.0,0.365,0.0,26,29,34,12,True,True,False
Torre Baró,Nou Barris,10.3,0.0,8.675,1.0,369.0,0.0,0.0,0.333,-2.576,0.146,0.0,0.0,0.0,0.0,0.359,0.0,59,68,1,70,False,False,False
el Bon Pastor,Sant Andreu,23.34,0.096,5.735,0.024,2990.0,666.0,356.49,0.144,3.552,0.47,0.0,0.0,0.084,0.147,0.358,0.039,16,1,31,38,False,False,False
el Turó de la Peira,Nou Barris,18.892,0.017,5.357,0.078,826.0,369.0,1041.756,0.24,0.348,0.45,0.0,0.0,0.0,0.0,0.357,0.0,44,35,28,13,False,False,False
el Parc i la Llacuna del Poblenou,Sant Martí,23.143,0.076,3.506,0.0,2542.0,1120.0,998.169,0.247,-0.04,0.471,0.0,0.0,0.0,0.0,0.353,0.0,24,41,34,14,False,False,False
Horta,Horta-Guinardó,15.119,0.024,6.254,0.681,2708.0,552.0,179.803,0.279,-1.1,0.243,0.0,0.0,0.0,0.0,0.352,0.0,40,61,16,51,False,False,False
la Sagrada Família,Eixample,22.473,0.019,3.661,0.0,3134.0,1147.0,1100.989,0.227,0.398,0.464,0.0,0.0,0.0,0.0,0.348,0.0,43,34,34,11,False,False,False
la Vila de Gràcia,Gràcia,26.299,0.212,4.651,0.0,2309.0,276.0,208.904,0.189,0.854,0.44,0.0,0.0,0.0,0.0,0.33,0.0,10,18,34,48,False,False,False
la Vila Olímpica del Poblenou,Sant Martí,23.34,0.094,3.299,0.0,2305.0,1069.0,1155.882,0.29,-2.479,0.44,0.0,0.0,0.0,0.0,0.33,0.0,17,67,34,10,False,False,False
Diagonal Mar i el Front Marítim del Poblenou,Sant Martí,29.37,0.223,3.001,0.0,2072.0,728.0,593.346,0.272,-1.86,0.439,0.0,0.0,0.0,0.0,0.33,0.0,9,66,34,26,False,False,False
les Tres Torres,Sarrià-Sant Gervasi,20.951,0.045,5.791,0.037,2105.0,747.0,947.998,0.228,-0.497,0.425,0.0,0.0,0.0,0.0,0.328,0.0,31,51,30,16,False,False,False
Navas,Sant Andreu,20.213,0.06,4.693,0.0,1334.0,324.0,764.476,0.191,0.698,0.437,0.0,0.0,0.0,0.0,0.328,0.0,27,23,34,19,True,True,False
el Camp d'en Grassot i Gràcia Nova,Gràcia,21.234,0.083,4.204,0.0,1774.0,419.0,644.086,0.183,0.466,0.422,0.0,0.0,0.0,0.0,0.317,0.0,21,31,34,23,True,False,False
Pedralbes,Les Corts,16.985,0.013,6.346,0.345,4081.0,980.0,364.996,0.195,-1.013,0.274,0.0,0.0,0.0,0.0,0.292,0.0,49,59,22,36,False,False,False
Sant Gervasi - Galvany,Sarrià-Sant Gervasi,21.963,0.113,5.084,0.0,3610.0,722.0,432.541,0.163,0.025,0.389,0.0,0.0,0.0,0.0,0.292,0.0,14,40,34,33,False,False,False
el Baix Guinardó,Horta-Guinardó,17.935,0.0,5.005,0.0,1319.0,359.0,638.259,0.124,0.534,0.365,0.0,0.0,0.0,0.0,0.274,0.0,59,27,34,25,False,False,False
la Font de la Guatlla,Sants-Montjuïc,18.325,0.0,5.804,0.099,682.0,191.0,642.941,0.158,-0.701,0.328,0.0,0.0,0.0,0.0,0.271,0.0,59,56,27,24,False,False,False
Can Peguera,Nou Barris,20.284,0.017,5.995,0.001,386.0,37.0,311.74,0.073,1.721,0.35,0.0,0.0,0.0,0.0,0.263,0.0,44,8,33,42,False,False,False
"Sant Pere, Santa Caterina i la Ribera",Ciutat Vella,20.302,0.006,3.387,0.0,1745.0,830.0,747.982,0.15,-1.189,0.338,0.0,0.0,0.0,0.0,0.254,0.0,53,63,34,20,False,False,False
la Sagrera,Sant Andreu,21.961,0.017,5.095,0.0,2290.0,417.0,422.786,0.094,0.508,0.334,0.0,0.0,0.0,0.0,0.251,0.0,44,28,34,34,False,False,False
la Vall d'Hebron,Horta-Guinardó,18.705,0.021,4.019,0.0,906.0,110.0,147.742,0.044,1.937,0.327,0.0,0.0,0.0,0.0,0.246,0.0,42,5,34,53,False,False,False
el Barri Gòtic,Ciutat Vella,21.442,0.086,3.843,0.0,516.0,191.0,234.185,0.105,-0.102,0.327,0.0,0.0,0.0,0.0,0.246,0.0,19,42,34,46,False,False,False
la Font d'en Fargues,Horta-Guinardó,17.93,0.041,3.639,0.0,1148.0,323.0,491.462,0.124,-0.816,0.324,0.0,0.0,0.0,0.0,0.243,0.0,35,58,34,29,False,False,False
el Poble-sec,Sants-Montjuïc,14.028,0.011,6.008,0.069,4598.0,2289.0,499.201,0.128,-1.02,0.298,0.0,0.0,0.0,0.0,0.241,0.0,50,60,29,28,False,False,False
Canyelles,Nou Barris,13.35,0.0,6.295,0.202,785.0,109.0,137.957,0.094,-0.333,0.241,0.0,0.0,0.0,0.0,0.232,0.0,59,49,26,54,False,False,False
Sarrià,Sarrià-Sant Gervasi,15.928,0.004,5.37,0.256,2692.0,498.0,163.415,0.12,-1.3,0.22,0.0,0.0,0.0,0.0,0.229,0.0,57,64,25,52,False,False,False
Vallcarca i els Penitents,Gràcia,14.962,0.045,3.439,0.0,1641.0,385.0,307.765,0.091,-0.7,0.295,0.0,0.0,0.0,0.0,0.221,0.0,31,55,34,43,False,False,False
la Marina del Prat Vermell,Sants-Montjuïc,17.722,0.005,6.0,0.0,1460.0,333.0,23.389,0.008,1.784,0.287,0.0,0.0,0.0,0.0,0.215,0.0,56,6,34,67,False,False,False
el Putxet i el Farró,Sarrià-Sant Gervasi,19.111,0.06,3.502,0.0,1017.0,102.0,120.301,0.066,-0.15,0.286,0.0,0.0,0.0,0.0,0.214,0.0,27,43,34,58,False,False,False
el Guinardó,Horta-Guinardó,16.766,0.027,4.925,0.0,2252.0,159.0,121.492,0.042,0.465,0.281,0.0,0.0,0.0,0.0,0.211,0.0,38,32,34,57,False,False,False
Sant Gervasi - la Bonanova,Sarrià-Sant Gervasi,15.208,0.006,3.734,0.0,2970.0,550.0,246.238,0.052,-0.529,0.261,0.0,0.0,0.0,0.0,0.195,0.0,53,52,34,45,False,False,False
el Carmel,Horta-Guinardó,15.477,0.039,5.115,0.0,1458.0,32.0,34.043,0.034,-0.217,0.252,0.0,0.0,0.0,0.0,0.189,0.0,36,45,34,65,False,False,False
la Clota,Horta-Guinardó,20.49,0.0,4.996,0.0,330.0,0.0,0.0,0.0,0.852,0.251,0.0,0.0,0.0,0.0,0.188,0.0,59,19,34,70,False,False,False
la Teixonera,Horta-Guinardó,14.457,0.0,4.683,0.0,539.0,22.0,65.177,0.013,-0.27,0.229,0.0,0.0,0.0,0.0,0.172,0.0,59,47,34,62,False,False,False
Can Baró,Horta-Guinardó,11.407,0.0,5.247,0.0,365.0,12.0,31.235,0.006,-0.326,0.221,0.0,0.0,0.0,0.0,0.166,0.0,59,48,34,66,False,False,False
la Salut,Gràcia,13.499,0.0,4.327,0.0,788.0,49.0,75.573,0.015,-1.132,0.205,0.0,0.0,0.0,0.0,0.154,0.0,59,62,34,60,False,False,False
el Coll,Gràcia,10.979,0.0,4.1,0.0,277.0,20.0,56.621,0.011,-1.674,0.185,0.0,0.0,0.0,0.0,0.138,0.0,59,65,34,63,False,False,False
la Barceloneta,Ciutat Vella,16.981,0.006,4.465,0.0,1520.0,321.0,272.174,0.057,-3.439,0.177,0.0,0.0,0.0,0.0,0.133,0.0,53,69,34,44,False,False,False
Montbau,Horta-Guinardó,12.486,0.017,4.012,0.0,554.0,250.0,121.715,0.035,-3.986,0.138,0.0,0.0,0.0,0.0,0.104,0.0,44,70,34,56,False,False,False
Sant Genís dels Agudells,Horta-Guinardó,10.245,0.0,3.119,0.0,368.0,166.0,98.541,0.019,-4.41,0.109,0.0,0.0,0.0,0.0,0.082,0.0,59,71,34,59,False,False,False
"Vallvidrera, el Tibidabo i les Planes",Sarrià-Sant Gervasi,9.471,0.0,3.073,0.0,245.0,6.0,0.53,0.0,-7.35,0.0,0.0,0.0,0.0,0.0,0.0,0.0,59,72,34,69,False,False,False
