species,n,n_porta,n_tiles,height_med,crown_diam_med,crown_base_med,gap_med,lai_proxy_med,lai_proxy_iqr
Platanus × acerifolia,2221,809,1412,15.36,8.69,7.28,0.24,2.81,1.18
Styphnolobium japonicum,735,5,730,11.02,6.79,5.23,0.2,3.21,1.64
Melia azedarach,504,161,343,10.53,8.01,5.06,0.27,2.62,1.16
Celtis australis,503,273,230,10.14,6.28,5.09,0.28,2.53,1.52
Ligustrum lucidum,490,35,455,7.58,4.62,4.25,0.32,2.26,1.05
Jacaranda mimosifolia,418,141,277,9.03,5.9,4.84,0.27,2.62,1.19
Pyrus calleryana,339,129,210,7.04,3.19,3.36,0.32,2.26,1.0
Brachychiton populneus,311,98,213,8.68,4.03,3.79,0.32,2.29,1.03
Tipuana tipu,270,136,134,10.92,8.36,5.33,0.29,2.5,1.34
Robinia pseudoacacia,231,65,166,12.22,7.07,5.62,0.26,2.72,0.92
Magnolia grandiflora,209,1,208,8.62,4.15,3.49,0.28,2.56,1.04
Gleditsia triacanthos,175,48,127,8.35,6.08,4.48,0.35,2.08,0.53
Grevillea robusta,162,59,103,10.78,4.11,4.32,0.29,2.48,0.8
Citrus × aurantium,144,88,56,5.51,3.24,3.72,0.33,2.21,1.18
Prunus cerasifera,132,19,113,6.12,3.52,3.18,0.38,1.96,0.87
Firmiana simplex,124,0,124,10.3,5.29,5.23,0.28,2.57,0.92
Catalpa bignonioides,106,63,43,8.48,5.54,4.39,0.32,2.3,0.85
Populus nigra,103,61,42,14.91,5.5,5.09,0.26,2.71,0.65
Acer monspessulanum,103,20,83,6.42,3.87,3.68,0.31,2.34,1.14
Casuarina cunninghamiana,98,52,46,12.45,5.1,4.4,0.3,2.39,0.82
Fraxinus angustifolia,81,36,45,6.83,3.48,3.6,0.37,2.0,0.63
Acer campestre,80,5,75,7.88,4.24,4.03,0.3,2.42,0.48
Populus alba,70,42,28,12.88,4.47,4.37,0.24,2.82,0.61
Morus alba,69,32,37,5.64,4.33,3.36,0.39,1.9,0.81
Tilia x euchlora,67,4,63,6.45,3.61,3.54,0.35,2.12,0.57
Koelreuteria paniculata,66,8,58,7.3,4.13,3.96,0.29,2.46,0.92
Cercis siliquastrum,59,4,55,8.47,5.2,4.23,0.28,2.55,0.77
Ulmus pumila,59,4,55,11.46,8.1,4.84,0.22,3.04,0.85
Ginkgo biloba,59,0,59,7.42,2.93,3.09,0.34,2.16,0.76
Cupressus sempervirens,57,2,55,15.68,3.34,4.21,0.2,3.22,1.16
Celtis sinensis,52,52,0,8.56,5.86,4.61,0.28,2.51,0.71
Pinus pinea,49,1,48,10.99,9.29,5.85,0.26,2.68,0.81
Quercus ilex,47,0,47,10.86,7.8,5.42,0.23,2.97,1.09
Tilia x europaea,45,29,16,8.14,5.14,4.12,0.32,2.28,1.2
Acer negundo,44,3,41,8.74,5.67,3.99,0.3,2.43,0.76
Hibiscus syriacus,42,14,28,4.73,3.41,3.0,0.38,1.96,0.7
Pinus halepensis,33,0,33,11.17,8.48,5.55,0.24,2.9,0.7
Handroanthus heptaphyllus,26,25,1,6.94,2.74,3.98,0.36,2.07,0.53
Ligustrum japonicum,20,0,20,7.69,4.66,4.24,0.35,2.1,1.33
Acer saccharinum,18,0,18,7.43,5.79,3.56,0.34,2.15,0.73
X chitalpa tashkentensis SUMMER,16,16,0,6.46,5.24,2.9,0.33,2.22,0.85
Cormus domestica,16,0,16,7.33,2.52,4.61,0.42,1.73,0.74
Eugenia uniflora,15,15,0,4.94,2.65,2.28,0.35,2.11,0.42
Olea europaea,15,0,15,7.96,7.63,4.02,0.26,2.67,0.81
Acer × freemanii AUTUMN,12,0,12,8.3,4.88,3.58,0.27,2.64,0.59
Acer buergerianum,12,0,12,8.06,3.4,3.16,0.27,2.64,0.76
Quercus robur,12,0,12,5.53,1.91,2.93,0.36,2.03,0.7
Prunus serrulata,11,5,6,8.02,4.37,3.67,0.22,3.01,1.25
Hesperocyparis macrocarpa,11,9,2,10.3,4.65,2.52,0.26,2.66,0.39
Brachychiton acerifolius,11,2,9,7.92,4.03,4.12,0.35,2.12,0.83
Parkinsonia aculeata,10,0,10,8.39,6.45,3.84,0.35,2.12,0.88
Tilia tomentosa,10,3,7,10.79,7.51,5.37,0.21,3.17,1.62
Photinia x fraseri,9,2,7,4.06,2.82,2.82,0.4,1.81,0.62
Eucalyptus camaldulensis,8,8,0,14.22,7.09,5.04,0.38,1.94,0.52
Tamarix ramosissima,8,0,8,16.94,4.27,3.44,0.3,2.38,0.67
Nerium oleander,6,0,6,5.42,3.0,3.26,0.32,2.3,0.58
Fraxinus pennsylvanica,6,0,6,7.97,8.0,4.0,0.35,2.12,0.68
Crataegus x medias Scarlet',5,4,1,6.68,4.3,3.3,0.43,1.68,1.24
Crataegus x lavalleei,4,0,4,5.25,2.22,3.21,0.42,1.73,0.27
Liquidambar styraciflua,4,0,4,10.52,4.02,3.18,0.31,2.36,0.56
Bauhinia variegata,3,0,3,10.83,2.93,3.95,0.32,2.31,1.11
Fraxinus ornus,3,3,0,6.6,3.19,3.66,0.31,2.34,0.67
Populus x canadensis,3,2,1,16.44,10.14,5.12,0.28,2.53,0.21
Populus simonii,3,0,3,10.27,6.0,5.03,0.27,2.65,0.76
Schinus molle,3,0,3,11.67,11.89,3.91,0.23,2.9,0.26
Broussonetia papyrifera,2,0,2,12.31,7.06,4.33,0.24,2.83,0.13
Celtis occidentalis,2,2,0,8.9,5.1,3.54,0.35,2.22,0.66
Ulmus minor,2,0,2,7.53,6.28,4.56,0.25,2.82,0.59
Parrotia persica,2,0,2,5.51,2.36,2.71,0.43,1.67,0.01
Juglans regia,2,0,2,5.87,3.86,3.07,0.47,1.52,0.05
Parasenegalia visco,2,0,2,13.64,13.3,7.02,0.17,3.51,0.22
Albizia julibrissin,2,0,2,11.14,7.58,3.78,0.23,3.16,1.04
Crataegus monogyna,2,0,2,5.27,2.7,2.74,0.42,1.76,0.2
Juglans nigra,2,0,2,8.65,6.2,3.26,0.35,2.1,0.19
Morus nigra,2,2,0,14.66,5.66,3.36,0.19,3.36,0.48
Ceratonia siliqua,1,0,1,13.04,9.76,4.64,0.11,4.35,0.0
Acacia retinodes,1,0,1,6.5,3.99,3.7,0.42,1.72,0.0
Acacia saligna,1,0,1,7.19,4.41,4.43,0.45,1.59,0.0
Ailanthus altissima,1,0,1,11.6,8.63,6.48,0.27,2.65,0.0
Eriobotrya japonica,1,1,0,8.33,4.41,5.44,0.37,2.01,0.0
Elaeagnus angustifolia,1,0,1,18.65,3.29,3.11,0.3,2.39,0.0
Feijoa sellowiana,1,0,1,5.45,4.62,2.07,0.23,2.96,0.0
Ficus elastica,1,0,1,6.64,3.19,2.96,0.15,3.74,0.0
Lagerstroemia indica,1,0,1,4.01,4.55,2.92,0.44,1.65,0.0
Ficus carica,1,0,1,7.77,11.79,2.81,0.28,2.53,0.0
Phoenix dactylifera,1,1,0,21.64,6.96,6.17,0.17,3.51,0.0
Platanus orientalis,1,0,1,17.14,10.57,7.66,0.26,2.73,0.0
Podocarpus neriifolius,1,0,1,4.94,2.03,4.44,0.39,1.9,0.0
Tamarix africana,1,0,1,3.78,1.78,2.49,0.39,1.88,0.0
Tamarix gallica,1,0,1,4.44,2.33,2.72,0.4,1.83,0.0
Ulmus,1,1,0,14.65,9.95,6.38,0.24,2.86,0.0
