species,n_city,n_porta,lidar_porta_n,status,reason,flag,need,still_missing
Platanus × acerifolia,40090,832,807,excluded,being replaced (tree master plan),,0,0
Celtis australis,19384,296,273,candidate,,,0,0
Styphnolobium japonicum,8427,5,5,candidate,,,35,0
Tipuana tipu,6636,139,136,candidate,,,0,0
Melia azedarach,6263,167,161,candidate,,,0,0
Brachychiton populneus,5251,103,98,candidate,,,0,0
Pyrus calleryana,3481,147,129,candidate,,,0,0
Jacaranda mimosifolia,3235,145,141,candidate,,,0,0
Ligustrum lucidum,3198,39,35,candidate,,"global review of its invasion (2020, ebuah.uah.es/dspace/handle/10017/64734)",5,0
Prunus cerasifera,2830,29,19,candidate,,,21,0
Gleditsia triacanthos,2800,52,46,candidate,,,0,0
Cercis siliquastrum,2603,6,4,candidate,,,36,0
Ulmus pumila,2557,4,4,candidate,,"riparian invasion in Spain (Ecosistemas 2015, ebuah.uah.es/dspace/handle/10017/35867)",36,0
Citrus × aurantium,2495,97,88,candidate,,,0,0
Robinia pseudoacacia,2460,83,65,candidate,,"riparian invasion in Spain (Ecosistemas 2015, ebuah.uah.es/dspace/handle/10017/35867)",0,0
Koelreuteria paniculata,2082,10,8,candidate,,,32,0
Magnolia grandiflora,1782,1,1,candidate,,,39,0
Grevillea robusta,1543,67,59,candidate,,,0,0
Tilia x euchlora,1321,9,4,candidate,,,36,0
Pinus pinea,1284,1,1,candidate,,,39,0
Celtis sinensis,1101,53,52,candidate,,,0,0
Populus nigra,1021,61,61,candidate,,,0,0
Quercus ilex,984,0,0,candidate,,,40,0
Firmiana simplex,978,0,0,candidate,,,40,0
Fraxinus angustifolia,901,44,36,candidate,,,4,0
Tilia x europaea,747,29,29,candidate,,,11,0
Casuarina cunninghamiana,696,62,52,candidate,,,0,0
Hibiscus syriacus,691,19,14,candidate,,,26,0
Ginkgo biloba,677,0,0,candidate,,,40,0
Populus alba,588,42,42,candidate,,,0,0
Acer campestre,576,8,5,candidate,,,35,0
Pinus halepensis,570,0,0,candidate,,,40,0
Cupressus sempervirens,562,4,2,candidate,,,38,0
Catalpa bignonioides,558,83,63,candidate,,,0,0
Acer monspessulanum,547,20,20,candidate,,,20,0
