variant,layout,shade_summer_m2h,shade_winter_m2h,runoff_m3,runoff_hot_m3,interception_m3,runoff_m3_leafon,runoff_hot_m3_leafon,Celtis,Melia,Pyrus,Jacaranda,Tipuana,Brachychiton
base,summer_only,331421.3,222073.3,17707.3,2690.8,747.9,17697.1,2687.9,46,256,23,180,284,43
base,balanced,331572.5,202361.8,17707.9,2690.6,750.4,17697.1,2687.6,65,256,23,278,186,24
base,winter_heavy,278890.9,179699.5,17732.8,2689.0,706.3,17722.7,2686.0,127,61,276,278,0,90
base,random_0,290711.0,209052.3,17735.1,2697.1,710.7,17725.9,2694.7,127,109,166,130,120,180
base,random_1,287868.4,206804.5,17737.1,2698.0,707.7,17728.0,2695.6,127,105,191,121,118,170
base,random_2,289344.1,207989.0,17736.2,2697.3,709.5,17727.1,2694.9,127,112,187,120,125,161
op_bare_0.25,summer_only,331437.5,202133.2,17707.3,2690.8,747.9,17697.1,2687.9,46,256,23,180,284,43
op_bare_0.25,balanced,331556.7,178670.8,17707.8,2690.6,750.2,17697.0,2687.6,67,256,24,278,186,21
op_bare_0.25,winter_heavy,281731.7,160705.9,17731.0,2689.1,708.4,17720.6,2686.1,127,85,276,278,0,66
op_bare_0.25,random_0,290711.0,192416.9,17735.1,2697.1,710.7,17725.9,2694.7,127,109,166,130,120,180
op_bare_0.25,random_1,287868.4,189909.3,17737.1,2698.0,707.7,17728.0,2695.6,127,105,191,121,118,170
op_bare_0.25,random_2,289344.1,191276.8,17736.2,2697.3,709.5,17727.1,2694.9,127,112,187,120,125,161
op_bare_0.54,summer_only,331425.6,259272.0,17707.4,2690.7,747.8,17697.1,2687.8,46,256,23,180,284,43
op_bare_0.54,balanced,331494.0,247176.2,17708.0,2690.5,750.5,17697.3,2687.6,52,256,23,278,186,37
op_bare_0.54,winter_heavy,268727.8,214569.5,17744.7,2689.0,693.8,17735.7,2686.0,127,56,276,181,1,191
op_bare_0.54,random_0,290711.0,240677.3,17735.1,2697.1,710.7,17725.9,2694.7,127,109,166,130,120,180
op_bare_0.54,random_1,287868.4,238921.0,17737.1,2698.0,707.7,17728.0,2695.6,127,105,191,121,118,170
op_bare_0.54,random_2,289344.1,239757.5,17736.2,2697.3,709.5,17727.1,2694.9,127,112,187,120,125,161
tipuana_bare_jan_feb,summer_only,331475.8,193089.8,17709.1,2691.1,745.1,17696.6,2687.7,46,256,23,180,284,43
tipuana_bare_jan_feb,balanced,331343.9,188846.2,17710.1,2690.9,748.2,17697.4,2687.6,67,256,29,278,186,16
tipuana_bare_jan_feb,winter_heavy,278418.5,170251.3,17733.9,2689.2,705.1,17723.1,2686.0,127,56,276,278,1,94
tipuana_bare_jan_feb,random_0,290711.0,188467.0,17736.3,2697.4,709.0,17725.9,2694.7,127,109,166,130,120,180
tipuana_bare_jan_feb,random_1,287868.4,186664.9,17738.3,2698.3,706.1,17728.0,2695.6,127,105,191,121,118,170
tipuana_bare_jan_feb,random_2,289344.1,186586.1,17737.5,2697.6,707.8,17727.1,2694.9,127,112,187,120,125,161
jacaranda_half_jan_mar,summer_only,331421.3,229040.9,17705.9,2690.5,749.4,17697.1,2687.9,46,256,23,180,284,43
jacaranda_half_jan_mar,balanced,331359.3,219439.5,17705.4,2689.9,752.1,17696.2,2687.3,65,256,23,278,186,24
jacaranda_half_jan_mar,winter_heavy,272768.2,187978.4,17744.4,2691.0,693.4,17735.6,2687.9,127,218,276,37,0,174
jacaranda_half_jan_mar,random_0,290711.0,218820.5,17734.0,2696.9,712.0,17725.9,2694.7,127,109,166,130,120,180
jacaranda_half_jan_mar,random_1,287868.4,215879.9,17736.0,2697.8,709.0,17728.0,2695.6,127,105,191,121,118,170
jacaranda_half_jan_mar,random_2,289344.1,217234.8,17735.2,2697.1,710.8,17727.1,2694.9,127,112,187,120,125,161
winter_21dec,summer_only,331420.2,226320.6,17707.4,2690.8,747.8,17697.2,2687.9,46,256,23,180,284,43
winter_21dec,balanced,331482.7,217206.9,17706.8,2690.3,750.3,17696.1,2687.2,65,256,23,278,186,24
winter_21dec,winter_heavy,274320.4,186846.6,17743.8,2691.1,693.9,17734.2,2687.9,127,224,276,33,11,161
winter_21dec,random_0,290711.0,218058.0,17735.1,2697.1,710.7,17725.9,2694.7,127,109,166,130,120,180
winter_21dec,random_1,287868.4,215145.3,17737.1,2698.0,707.7,17728.0,2695.6,127,105,191,121,118,170
winter_21dec,random_2,289344.1,216628.6,17736.2,2697.3,709.5,17727.1,2694.9,127,112,187,120,125,161
winter_15feb,summer_only,331384.6,233241.4,17707.5,2690.8,747.7,17697.3,2687.9,46,256,23,180,284,43
winter_15feb,balanced,331469.6,213562.2,17708.1,2690.7,750.3,17697.3,2687.7,66,256,23,278,186,23
winter_15feb,winter_heavy,272794.0,185714.4,17738.0,2688.8,700.6,17728.6,2685.8,127,3,276,278,6,142
winter_15feb,random_0,290711.0,213906.6,17735.1,2697.1,710.7,17725.9,2694.7,127,109,166,130,120,180
winter_15feb,random_1,287868.4,211770.3,17737.1,2698.0,707.7,17728.0,2695.6,127,105,191,121,118,170
winter_15feb,random_2,289344.1,213053.4,17736.2,2697.3,709.5,17727.1,2694.9,127,112,187,120,125,161
