scenario,shade_summer_m2h,shade_winter_m2h,runoff_m3,runoff_hot_m3,interception_m3,runoff_m3_leafon,runoff_hot_m3_leafon,interception_m3_leafon,Celtis australis,Styphnolobium japonicum,Tipuana tipu,Melia azedarach,Brachychiton populneus,Pyrus calleryana,Jacaranda mimosifolia,Ligustrum lucidum,Prunus cerasifera,Gleditsia triacanthos,Cercis siliquastrum,Ulmus pumila,Citrus × aurantium,Robinia pseudoacacia,Koelreuteria paniculata,Magnolia grandiflora,Grevillea robusta,Tilia x euchlora,Pinus pinea,Celtis sinensis,Populus nigra,Quercus ilex,Firmiana simplex,Fraxinus angustifolia,Tilia x europaea,Casuarina cunninghamiana,Hibiscus syriacus,Ginkgo biloba,Populus alba,Acer campestre,Pinus halepensis,Cupressus sempervirens,Catalpa bignonioides,Acer monspessulanum,pareto
S0_current,359310.0,188656.1,17669.3,2682.5,793.2,17649.6,2677.6,817.5,,,,,,,,,,,,,,,,,,,,,,,,,,,,,,,,,,,False
S1_random_0,281020.2,180026.7,17744.6,2699.5,699.3,17732.1,2696.4,714.5,24.0,21.0,22.0,17.0,27.0,23.0,22.0,20.0,21.0,21.0,25.0,17.0,20.0,25.0,35.0,18.0,22.0,30.0,16.0,29.0,22.0,23.0,21.0,21.0,31.0,26.0,26.0,43.0,28.0,24.0,19.0,29.0,30.0,34.0,False
S1_random_1,277535.7,180322.5,17746.6,2700.1,696.9,17734.3,2697.0,711.8,18.0,19.0,19.0,20.0,32.0,30.0,24.0,24.0,26.0,23.0,24.0,15.0,27.0,24.0,21.0,41.0,26.0,26.0,16.0,22.0,20.0,23.0,22.0,22.0,23.0,25.0,24.0,44.0,29.0,20.0,15.0,27.0,32.0,29.0,False
S1_random_2,281071.3,179864.6,17744.2,2698.7,700.2,17731.8,2695.4,715.1,18.0,24.0,17.0,25.0,13.0,29.0,31.0,25.0,30.0,25.0,28.0,10.0,21.0,16.0,19.0,35.0,34.0,28.0,23.0,13.0,28.0,27.0,18.0,24.0,24.0,18.0,31.0,42.0,29.0,29.0,21.0,20.0,30.0,27.0,False
S1_random_3,281076.2,180821.1,17744.3,2699.9,699.9,17731.7,2696.8,715.0,22.0,24.0,22.0,15.0,21.0,31.0,29.0,23.0,28.0,23.0,22.0,27.0,21.0,18.0,29.0,23.0,26.0,28.0,18.0,19.0,26.0,27.0,29.0,28.0,28.0,22.0,27.0,37.0,22.0,26.0,13.0,32.0,29.0,17.0,False
S1_random_4,282231.9,183023.3,17744.1,2699.0,700.8,17731.7,2695.8,715.8,23.0,27.0,25.0,18.0,21.0,25.0,14.0,23.0,34.0,23.0,23.0,24.0,23.0,16.0,24.0,17.0,24.0,32.0,19.0,18.0,17.0,28.0,18.0,26.0,24.0,36.0,29.0,37.0,27.0,15.0,20.0,41.0,31.0,30.0,False
S1_random_5,280802.6,176385.6,17742.8,2697.1,700.3,17730.2,2693.8,715.6,27.0,24.0,21.0,17.0,19.0,29.0,30.0,21.0,32.0,19.0,22.0,26.0,31.0,23.0,28.0,23.0,22.0,28.0,20.0,33.0,22.0,14.0,22.0,27.0,25.0,19.0,23.0,42.0,30.0,20.0,19.0,27.0,22.0,25.0,False
S1_random_6,281705.2,179895.3,17743.3,2698.0,700.5,17731.1,2694.8,715.3,12.0,20.0,20.0,31.0,21.0,33.0,24.0,19.0,22.0,22.0,26.0,8.0,30.0,17.0,31.0,25.0,27.0,23.0,28.0,24.0,21.0,22.0,18.0,24.0,25.0,22.0,33.0,51.0,29.0,29.0,29.0,23.0,21.0,22.0,False
S1_random_7,280734.5,180915.8,17745.0,2699.1,698.8,17732.4,2695.8,713.9,13.0,27.0,14.0,26.0,24.0,25.0,22.0,21.0,36.0,17.0,30.0,19.0,28.0,18.0,19.0,25.0,20.0,26.0,19.0,20.0,28.0,20.0,17.0,19.0,25.0,37.0,25.0,47.0,31.0,29.0,19.0,29.0,31.0,26.0,False
S1_random_8,279049.0,179272.9,17745.1,2699.3,698.4,17732.6,2696.1,713.4,18.0,23.0,19.0,22.0,17.0,27.0,19.0,21.0,31.0,21.0,23.0,19.0,32.0,19.0,35.0,33.0,26.0,32.0,16.0,18.0,29.0,19.0,13.0,21.0,33.0,25.0,22.0,51.0,31.0,25.0,23.0,26.0,24.0,19.0,False
S1_random_9,280702.2,179705.3,17743.4,2698.1,699.9,17731.2,2695.0,714.7,24.0,16.0,20.0,21.0,27.0,25.0,26.0,30.0,21.0,28.0,34.0,15.0,22.0,9.0,18.0,24.0,30.0,26.0,22.0,25.0,29.0,23.0,24.0,29.0,25.0,31.0,29.0,40.0,22.0,19.0,23.0,25.0,19.0,31.0,False
S4_s0.00_w0.00_r1.00,360897.1,201468.3,17679.5,2681.8,787.8,17664.7,2679.0,806.9,10.0,23.0,0.0,1.0,0.0,0.0,14.0,0.0,0.0,0.0,0.0,395.0,0.0,13.0,4.0,0.0,0.0,0.0,285.0,3.0,9.0,8.0,1.0,0.0,0.0,0.0,0.0,17.0,11.0,6.0,18.0,3.0,7.0,4.0,True
S4_s0.00_w0.25_r0.75,275867.1,165238.6,17739.7,2682.0,701.2,17728.4,2679.1,714.6,7.0,15.0,1.0,3.0,0.0,0.0,8.0,0.0,33.0,1.0,0.0,17.0,2.0,2.0,0.0,0.0,1.0,30.0,201.0,1.0,13.0,8.0,4.0,19.0,1.0,0.0,404.0,24.0,9.0,3.0,10.0,1.0,0.0,14.0,True
S4_s0.00_w0.50_r0.50,272615.2,148113.4,17741.9,2683.7,697.3,17729.3,2679.5,712.7,8.0,18.0,1.0,2.0,0.0,0.0,8.0,0.0,37.0,1.0,0.0,126.0,2.0,3.0,1.0,0.0,1.0,31.0,88.0,1.0,13.0,8.0,3.0,21.0,1.0,0.0,404.0,24.0,7.0,4.0,3.0,1.0,2.0,13.0,True
S4_s0.00_w0.75_r0.25,252954.0,137372.3,17754.1,2695.4,678.3,17742.1,2691.8,692.5,5.0,18.0,1.0,3.0,0.0,0.0,14.0,0.0,77.0,1.0,2.0,34.0,4.0,4.0,1.0,0.0,1.0,49.0,70.0,3.0,12.0,3.0,3.0,23.0,1.0,0.0,404.0,26.0,6.0,4.0,2.0,1.0,3.0,57.0,True
S4_s0.00_w1.00_r0.00,244965.3,135830.6,17763.2,2704.5,667.7,17751.9,2701.5,681.1,3.0,2.0,1.0,2.0,0.0,1.0,0.0,0.0,134.0,1.0,0.0,1.0,5.0,2.0,0.0,0.0,1.0,80.0,63.0,3.0,19.0,3.0,3.0,37.0,1.0,0.0,404.0,30.0,5.0,3.0,3.0,2.0,0.0,23.0,True
S4_s0.25_w0.00_r0.75,365133.9,247542.2,17674.5,2681.8,795.3,17663.0,2679.0,808.5,10.0,16.0,0.0,2.0,0.0,0.0,12.0,0.0,0.0,0.0,0.0,73.0,0.0,7.0,0.0,3.0,0.0,0.0,422.0,2.0,17.0,21.0,0.0,0.0,0.0,0.0,0.0,17.0,19.0,0.0,202.0,5.0,3.0,1.0,True
S4_s0.25_w0.25_r0.50,360768.6,197812.7,17680.0,2682.0,787.2,17664.9,2679.1,806.7,10.0,23.0,0.0,2.0,0.0,0.0,9.0,0.0,0.0,0.0,0.0,419.0,0.0,13.0,4.0,0.0,0.0,0.0,271.0,3.0,15.0,8.0,0.0,0.0,0.0,0.0,0.0,17.0,11.0,6.0,7.0,2.0,7.0,5.0,True
S4_s0.25_w0.50_r0.25,332325.6,166207.5,17693.5,2683.7,758.6,17677.2,2679.4,778.8,8.0,26.0,0.0,88.0,0.0,0.0,15.0,0.0,0.0,0.0,1.0,355.0,0.0,8.0,5.0,0.0,0.0,1.0,114.0,26.0,11.0,7.0,1.0,0.0,0.0,0.0,120.0,17.0,6.0,6.0,1.0,2.0,9.0,5.0,True
S4_s0.25_w0.75_r0.00,287101.3,143436.7,17722.4,2697.5,714.2,17707.9,2694.0,731.3,4.0,26.0,0.0,61.0,0.0,0.0,18.0,0.0,0.0,6.0,4.0,151.0,0.0,15.0,4.0,0.0,0.0,2.0,86.0,25.0,19.0,1.0,0.0,0.0,0.0,0.0,368.0,17.0,2.0,4.0,1.0,2.0,7.0,9.0,True
S4_s0.50_w0.00_r0.50,365290.1,247542.2,17674.6,2681.8,795.2,17663.0,2679.0,808.4,10.0,16.0,0.0,2.0,0.0,0.0,7.0,0.0,0.0,0.0,0.0,73.0,0.0,7.0,0.0,3.0,0.0,0.0,422.0,2.0,22.0,21.0,0.0,0.0,0.0,0.0,0.0,17.0,19.0,0.0,202.0,5.0,3.0,1.0,True
S4_s0.50_w0.25_r0.25,362485.4,201145.2,17677.9,2682.4,789.6,17664.1,2679.2,807.6,10.0,14.0,0.0,0.0,0.0,0.0,8.0,0.0,0.0,0.0,0.0,349.0,0.0,13.0,0.0,0.0,0.0,0.0,346.0,2.0,20.0,17.0,0.0,0.0,0.0,0.0,0.0,17.0,17.0,5.0,4.0,3.0,4.0,3.0,True
S4_s0.50_w0.50_r0.00,356853.3,180901.7,17683.3,2684.6,781.2,17667.1,2680.2,802.3,9.0,20.0,0.0,110.0,0.0,0.0,9.0,0.0,0.0,1.0,1.0,419.0,0.0,20.0,4.0,0.0,0.0,2.0,169.0,3.0,13.0,4.0,0.0,0.0,0.0,0.0,1.0,17.0,6.0,8.0,1.0,3.0,8.0,4.0,True
S4_s0.75_w0.00_r0.25,365383.2,247473.1,17674.7,2681.9,795.0,17663.1,2679.1,808.2,10.0,12.0,0.0,2.0,0.0,0.0,7.0,0.0,0.0,0.0,0.0,76.0,0.0,11.0,0.0,3.0,0.0,0.0,422.0,2.0,22.0,21.0,0.0,0.0,0.0,0.0,0.0,17.0,19.0,0.0,199.0,5.0,3.0,1.0,True
S4_s0.75_w0.25_r0.00,364180.6,210778.0,17676.4,2682.9,791.3,17663.6,2679.4,808.0,10.0,10.0,0.0,1.0,0.0,0.0,7.0,0.0,0.0,0.0,0.0,274.0,0.0,14.0,0.0,0.0,0.0,0.0,422.0,2.0,21.0,20.0,0.0,0.0,0.0,0.0,1.0,17.0,15.0,5.0,2.0,4.0,4.0,3.0,True
S4_s1.00_w0.00_r0.00,365456.8,247262.6,17675.2,2682.5,794.4,17663.4,2679.4,807.9,9.0,9.0,0.0,3.0,0.0,0.0,5.0,0.0,0.0,0.0,0.0,91.0,0.0,14.0,0.0,4.0,0.0,0.0,422.0,2.0,25.0,21.0,0.0,0.0,0.0,0.0,0.0,17.0,17.0,0.0,183.0,6.0,3.0,1.0,True
