species,r_off_0.3,r_off_0.5,r_off_0.7,no_gloria_jan
Celtis australis,0.898,0.928,0.956,0.96
Styphnolobium japonicum,0.898,0.928,0.956,0.96
Tipuana tipu,0.986,0.99,0.994,0.989
Melia azedarach,0.898,0.928,0.956,0.96
Brachychiton populneus,1.0,1.0,1.0,1.0
Pyrus calleryana,0.898,0.928,0.956,0.96
Jacaranda mimosifolia,0.923,0.945,0.967,0.978
Ligustrum lucidum,1.0,1.0,1.0,1.0
Prunus cerasifera,0.898,0.928,0.956,0.96
Gleditsia triacanthos,0.898,0.928,0.956,0.96
Cercis siliquastrum,0.898,0.928,0.956,0.96
Ulmus pumila,0.898,0.928,0.956,0.96
Citrus × aurantium,1.0,1.0,1.0,1.0
Robinia pseudoacacia,0.898,0.928,0.956,0.96
Koelreuteria paniculata,0.898,0.928,0.956,0.96
Magnolia grandiflora,1.0,1.0,1.0,1.0
Grevillea robusta,1.0,1.0,1.0,1.0
Tilia x euchlora,0.898,0.928,0.956,0.96
Pinus pinea,1.0,1.0,1.0,1.0
Celtis sinensis,0.898,0.928,0.956,0.96
Populus nigra,0.898,0.928,0.956,0.96
Quercus ilex,1.0,1.0,1.0,1.0
Firmiana simplex,0.898,0.928,0.956,0.96
Fraxinus angustifolia,0.898,0.928,0.956,0.96
Tilia x europaea,0.898,0.928,0.956,0.96
Casuarina cunninghamiana,1.0,1.0,1.0,1.0
Hibiscus syriacus,0.898,0.928,0.956,0.96
Ginkgo biloba,0.898,0.928,0.956,0.96
Populus alba,0.898,0.928,0.956,0.96
Acer campestre,0.898,0.928,0.956,0.96
Pinus halepensis,1.0,1.0,1.0,1.0
Cupressus sempervirens,1.0,1.0,1.0,1.0
Catalpa bignonioides,0.898,0.928,0.956,0.96
Acer monspessulanum,0.898,0.928,0.956,0.96
