scenario,shade_summer_m2h,shade_winter_m2h,runoff_m3,runoff_hot_m3,interception_m3,runoff_m3_leafon,runoff_hot_m3_leafon,interception_m3_leafon,Celtis australis,Melia azedarach,Pyrus calleryana,Jacaranda mimosifolia,Tipuana tipu,Brachychiton populneus,pareto
S0_current,359310.0,188656.1,17669.3,2682.5,793.2,17649.6,2677.6,817.5,,,,,,,False
S1_random_0,290711.0,181193.9,17738.7,2697.9,706.6,17725.9,2694.7,722.0,127.0,109.0,166.0,130.0,120.0,180.0,False
S1_random_1,287868.4,179122.5,17740.7,2698.8,703.6,17728.0,2695.6,718.9,127.0,105.0,191.0,121.0,118.0,170.0,False
S1_random_2,289344.1,180026.7,17739.9,2698.2,705.4,17727.1,2694.9,720.8,127.0,112.0,187.0,120.0,125.0,161.0,False
S1_random_3,290723.4,178120.3,17738.9,2697.6,707.2,17726.0,2694.4,722.8,127.0,119.0,186.0,130.0,118.0,152.0,False
S1_random_4,290777.0,180297.9,17738.6,2698.8,707.0,17726.0,2695.6,722.3,127.0,108.0,171.0,118.0,139.0,169.0,False
S1_random_5,289468.0,178067.2,17740.0,2697.3,705.7,17727.1,2694.0,721.3,127.0,119.0,190.0,128.0,108.0,160.0,False
S1_random_6,291474.5,179956.0,17738.0,2697.5,707.2,17725.2,2694.2,722.7,127.0,120.0,169.0,121.0,126.0,169.0,False
S1_random_7,289457.7,179687.6,17739.7,2698.6,706.0,17727.0,2695.4,721.4,127.0,114.0,170.0,121.0,116.0,184.0,False
S1_random_8,290718.9,180741.1,17739.8,2699.2,706.6,17727.1,2696.0,722.1,127.0,122.0,191.0,112.0,132.0,148.0,False
S1_random_9,291721.1,181009.3,17738.7,2698.0,707.0,17725.9,2694.8,722.5,127.0,110.0,174.0,135.0,129.0,157.0,False
S4_s0.00_w0.00_r1.00,331114.1,174570.8,17711.7,2691.8,746.3,17697.4,2687.7,764.6,37.0,256.0,27.0,278.0,186.0,48.0,False
S4_s0.00_w0.25_r0.75,279755.7,151724.6,17736.3,2690.1,702.6,17722.5,2686.3,719.0,127.0,74.0,276.0,271.0,0.0,84.0,True
S4_s0.00_w0.50_r0.50,278890.9,151406.1,17736.4,2689.9,702.2,17722.7,2686.0,718.5,127.0,61.0,276.0,278.0,0.0,90.0,True
S4_s0.00_w0.75_r0.25,278341.8,151302.6,17736.4,2689.9,701.8,17722.7,2686.1,718.0,127.0,56.0,276.0,278.0,0.0,95.0,True
S4_s0.00_w1.00_r0.00,271357.2,149942.4,17739.1,2699.9,695.2,17725.8,2696.6,710.8,127.0,51.0,276.0,223.0,0.0,155.0,True
S4_s0.25_w0.00_r0.75,331457.3,193930.3,17711.1,2691.2,744.0,17697.2,2687.2,761.2,20.0,256.0,23.0,180.0,284.0,69.0,True
S4_s0.25_w0.25_r0.50,331392.6,173765.0,17711.8,2691.6,746.2,17697.4,2687.6,764.6,59.0,256.0,27.0,278.0,186.0,26.0,True
S4_s0.25_w0.50_r0.25,313841.8,161318.0,17717.4,2690.9,731.3,17702.2,2686.9,749.8,64.0,256.0,161.0,278.0,67.0,6.0,True
S4_s0.25_w0.75_r0.00,296952.6,153057.6,17724.0,2695.3,717.0,17708.7,2691.5,735.1,64.0,209.0,276.0,278.0,0.0,5.0,True
S4_s0.50_w0.00_r0.50,331509.8,193872.8,17711.2,2691.2,743.9,17697.3,2687.2,761.2,32.0,256.0,23.0,180.0,284.0,57.0,True
S4_s0.50_w0.25_r0.25,331572.5,174103.5,17711.5,2691.5,746.2,17697.1,2687.6,764.6,65.0,256.0,23.0,278.0,186.0,24.0,True
S4_s0.50_w0.50_r0.00,331206.3,173293.9,17712.1,2691.9,745.9,17697.7,2688.2,764.3,68.0,256.0,32.0,278.0,184.0,14.0,True
S4_s0.75_w0.00_r0.25,331467.7,194316.2,17711.1,2691.3,743.8,17697.2,2687.2,761.1,37.0,256.0,23.0,180.0,284.0,52.0,False
S4_s0.75_w0.25_r0.00,331587.0,174295.5,17711.4,2691.5,746.1,17697.0,2687.7,764.5,66.0,256.0,24.0,278.0,186.0,22.0,True
S4_s1.00_w0.00_r0.00,331421.3,194221.4,17711.0,2691.6,743.7,17697.1,2687.9,761.1,46.0,256.0,23.0,180.0,284.0,43.0,False
