openalex,buckets,rank,year,cited,first_author,title,doi,venue,oa_pdf,abstract
W2208247983,B1,0,2015,158,Qingfu Xiao,"Surface Water Storage Capacity of Twenty Tree Species in Davis, California",https://doi.org/10.2134/jeq2015.02.0092,Journal of Environmental Quality,,"Urban forestry is an important green infrastructure strategy because healthy trees can intercept rainfall, reducing stormwater runoff and pollutant loading. Surface saturation storage capacity, defined as the thin film of water that must wet tree surfaces before flow begins, is the most important variable influencing rainfall interception processes. Surface storage capacity is known to vary widely among tree species, but it is little studied. This research measured surface storage capacities of 20 urban tree species in a rainfall simulator. The measurement system included a rainfall simulator, digital balance, digital camera, and computer. Eight samples were randomly collected from each tree species. Twelve rainfall intensities (3.5-139.5 mm h) were simulated. Leaf-on and leaf-off simulations were conducted for deciduous species. Stem and foliar surface areas were estimated using an image analysis method. Results indicated that surface storage capacities varied threefold among tree species, 0.59 mm for crape myrtle ( L.) and 1.81 mm for blue spruce ( Engelm.). The mean value across all species was 0.86 mm (0.11 mm SD). To illustrate application of the storage values, interception was simulated and compared across species for a 40-yr period with different rainfall intensities and durations. By quantifying the potential for different tree species to intercept rainfall under a variety of meteorological conditions, this study provides new knowledge that is fundamental to validati"
W2593931948,B1,0,2017,658,Adam Berland,The role of trees in urban stormwater management,https://doi.org/10.1016/j.landurbplan.2017.02.017,Landscape and Urban Planning,,
W1999499664,B1,0,2006,472,Pilar Llorens,Rainfall partitioning by vegetation under Mediterranean conditions. A review of studies in Europe,https://doi.org/10.1016/j.jhydrol.2006.10.032,Journal of Hydrology,,
W3201735453,B1,1,2021,0,Helinara Laís Vieira Capucho,TECHNOLOGICAL PARAMETERS OF SEEDS APPLIED TO THE SELECTION OF SUPERIOR MOTHER TREES FROM Ormosia discolor SPRUCE EX BENTH,https://doi.org/10.1590/1806-908820210000036,Revista Árvore,https://www.scielo.br/j/rarv/a/sh6TBN7KCSbycbd8hWJPN6K/?format=pdf&lang=en,"ABSTRACT The study on the native species of fast growth and nodulation capacity, Ormosia discolor, intends to conserve genetic resources and make available seed lots of high vigor for seed orchards. This work evaluates the physical and physiological characteristics of seeds from 20 O. discolor trees as a subsidy for selecting superior mother trees. Twenty matrices selected from a population in the state of Amazonas were inventoried. Physical tests were performed on the seeds collected, including water content, biometrics, the weight of one thousand seeds, and coat permeability test. For vigor estimates and classification regarding seed storage, the seeds were frozen for five months. The germination test was carried out at a constant temperature of 30 °C. It was used a completely randomized design consisting of 20 mother trees, 4 replicates, and 25 seeds per plot. The germination characteristics evaluated were germination percentage, speed index, mean germination time, and synchronization index. Cut seeds are more efficient for determining water content. All biometric variables are representative for the selection of vigorous lots, with emphasis on geometric diameter, surface area, and sphericity of seeds. Species seeds were classified as orthodox and as having physical dormancy. The protrusion of the primary root is the best morphological characteristic for evaluating germination in the laboratory. The mother trees 7, 16, and 10 showed superior characteristics for dendrometri"
W2020685640,B1,1,2008,61,Virginia R. Stovin,STREET TREES AND STORMWATER MANAGEMENT,https://doi.org/10.1080/03071375.2008.9747509,Arboricultural Journal,,"Urban trees play an important role in the urban hydrological cycle. Yet little consideration has been given in the UK either to the increasing pressures that act to reduce urban tree cover or the opportunities that might be provided by land-use planning policies to increase it. Research in North America, particularly by American Forests (2007), suggests that urban tree cover may be directly equated to stormwater volumes and, therefore, to the costs of providing engineered structures for stormwater management. Tree planting policies have been justified on the financial benefits associated with their stormwater management function alone, notwithstanding the broader spectrum of benefits they provide within the urban environment. This paper presents preliminary research aimed at transferring these findings into a UK context. Two residential morphology units (RMUs) have been defined within the city of Sheffield, for which current levels of tree cover have been accurately quantified. Current tree cover levels are relatively low, but approaches to integrating more trees into these two landscape types are outlined."
W4387653108,B1,1,2023,5,Manuel Esteban Lucas‐Borja,Assessing canopy rainfall partitioning by Mediterranean dryland shrubs under extreme rainfall,https://doi.org/10.1002/hyp.15007,Hydrological Processes,,"Abstract Intense rain events have become more frequent in some regions due to climate change, and this trend is particularly concerning in dryland regions where the ecological and geomorphological impacts of rainfall are intimately tied to its intensity. The interception of rainfall by vegetation is a critical process in the water balance of drylands; thus, this study estimated the canopy interception capacity and interception rates as well as stemflow of three typical Mediterranean shrub species (Rosmarinus officinalis, Thymus vulgaris, and Macrochloa tenacissima) of three size classes in Spain under a simulated extreme rainfall rate (~8 mm min−1, historical return period of >100 years). Given that these plants' canopy structures markedly differ from taller woody plants (i.e., trees), a novel method was developed to assess the stemflow fraction. Results showed significant differences in interception amount, rates, and storage capacity among the shrub species, with variations in plant morphology, such as shrub height and canopy diameter, being the key factors determining interception capacity. R. officinalis had the highest interception fraction per unit canopy area, or ‘specific interception,’ (18.4%). In contrast, the lowest specific interception fraction was measured for M. tenacissima (6.5%). Thymus vulgaris was characterized by the highest stemflow yields per unit canopy area (4.85 mm) and fraction (up to 29.6% of rainfall), which was the lowest for M. tenacissima (1.09 "
W7136141622,B1,2,2026,1,Akath Singh,Climate-smart water harvesting approaches for sustainable horticulture in arid regions,https://doi.org/10.22438/jeb/47/2/editorial,Journal of Environmental Biology,,"Soil, water, vegetation and production systems are the most important natural resources in any agro-ecosystem. For production systems to be sustainable, they must be in harmony with the environment. The arid ecosystem covers roughly 0.70 km2 in cold arid conditions and 0.32 million km2 in hot arid conditions. The entire arid region, which includes the states of Rajasthan, Gujarat, Andhra Pradesh, Punjab, Haryana, Karnataka, and Maharashtra, makes up around 12% of the nation's land area; however, Rajasthan (62%) and Gujarat (20%) make up the majority of this region (Faroda et al., 1998). The climate of the region is characterized by low and erratic rainfall, extreme temperature variation (-5.7°C to 50°C), long sunshine durations (6.6-10 hours), low relative humidity (30-80 %), high wind velocity (9-13 km-1), and high evapotranspiration (1600-1800 mm) (Rao, 2009). In addition to the above, other factors that inhibit agricultural production in this region include poor soil fertility, high rates of wind erosion, water scarcity, and poor quality irrigation water. Water scarcity is one of the most pressing issue affecting agricultural production sustainability in arid and semi-arid regions. It has resulted in over-exploitation of groundwater for indiscriminate use of irrigation (Goyal et al., 2007), and at the same time majority of this is saline with very poor water quality. Excessive use of such water in saline/sodic degraded land results in increased amounts of secondary soil sa"
W4322155220,B1,2,2023,0,Tae Jin Kim,Evaluating the Impact of Urban Stormwater Runoff by Street Tree Canopy,https://doi.org/10.9798/kosham.2023.23.1.209,Korean Society of Hazard Mitigation,http://www.j-kosham.or.kr/upload/pdf/KOSHAM-2023-23-1-209.pdf,"Impervious area increase by urbanization and flash flood by climate change lead to abrupt increase in urban stormwater, unlike in the past. Currently, street trees play a significant role in urban environmental improvement such as green space, urban heat reduction, and air pollution reduction. In addition, transpiration from leaf canopy in an urban water cycle significantly impacts the decrease in urban stormwater runoff. In this study, leaf canopy, as in earlier areas, was evaluated for the impact of decreasing urban stormwater. US Environmental Protection Agency (EPA) Storm Water Management Model (SWMM) for urban stormwater runoff, Geographic Information System (GIS) for its input extraction, and image process for calculating the leaf canopy area were utilized. The simulation results indicated that flood runoff peak based on 20 frequency of sewer facility standard and 80 frequency of local river design standard decreased by 1.08% and 1.44%, respectively."
W2107781869,B1,2,2012,121,Ismael Aranda,Species-specific water use by forest tree species: From the tree to the stand,https://doi.org/10.1016/j.agwat.2012.06.024,Agricultural Water Management,,
W7135213740,B1,3,2026,0,Médéric Grandjean,PCW Biochar System: Agricultural In-Situ Pyrolysis Combined with Multi-Strata Agroforestry for Large-Scale Carbon Sequestration and Soil Restoration,https://doi.org/10.5281/zenodo.19001161,Zenodo (CERN European Organization for Nuclear Research),,"Abstract This article presents the PCW Biochar System, an approach combining in-situ agricultural pyrolysis and multi-strata agroforestry to increase carbon sequestration while restoring soil fertility. The system is based on two main stages. The first stage consists of producing biochar directly on the field from local biomass using flame-curtain pyrolysis carried out in a biomass windrow. This method converts part of the biomass into stable carbon incorporated into the soil. The second stage involves the development of a high-biomass multi-strata agroforestry system integrating fast-growing trees, giant grasses, nitrogen-fixing plants, and permanent ground cover. Under the studied temperate climate conditions, the system could produce approximately 150 to 180 tonnes of biomass per hectare per year and enable a net storage estimated between 80 and 100 tonnes of CO₂ per hectare per year, including carbon stabilization in soils, woody biomass, and biochar. At large scale, the implementation of this system across several hundred million hectares could represent a significant potential for atmospheric carbon reduction while improving agricultural productivity and soil resilience. The article also highlights that multi-strata agroforestry systems in tropical climates could reach even higher biomass production levels, potentially increasing both biochar yield and carbon sequestration. Introduction Climate change represents one of the major challenges of the twenty-first century. G"
W4404645959,B1,3,2024,14,Giacomo Marrazzo,The role of urban trees as nature-based solutions for stormwater runoff control,https://doi.org/10.1016/j.ufug.2024.128598,Urban forestry & urban greening,,"The soil cover of urban areas drastically reduces infiltration rates and increases the risk of stormwater flooding. In this context, nature-based solutions (NBS) are well-acknowledged strategies for sustainable stormwater management and water cycle restoration. As NBS, urban trees provide significant benefits to hydrological balance through rainfall interception, evapotranspiration, and water storage in the underlying soil. This paper proposes an analytical-probabilistic model to evaluate the performance of urban trees for stormwater control. The study investigates the effects on the surface runoff of the main hydrological and environmental variables involved, in particular the infiltration rate into the soil, and the impermeable contributing areas. The reliability of the analytical-probabilistic approach to estimate the surface stormwater runoff (in terms of both runoff probability and average value) was validated through its application to a case study in the city of Lecco (Italy). The results confirmed that the beneficial impact of urban trees on stormwater control is greater during leaf-on season (late spring-summer at Lecco latitude) and when a proper infiltration rate into the soil beneath the tree is ensured."
W4395444414,B1,3,2024,16,Carlos Rogério de Mello,"Deciphering global patterns of forest canopy rainfall interception (FCRI): A synthesis of geographical, forest species, and methodological influences",https://doi.org/10.1016/j.jenvman.2024.120879,Journal of Environmental Management,,
W4241834337,B1,4,2018,3,,"52nd Annual Meeting, Missouri Academy of Science, April 22-23, 2016, Lincoln University, Jefferson City, Missouri",https://doi.org/10.30956/mas-25,Transactions of the Missouri Academy of Science,,"*Navarrete-Tindall, Nadia, Weber, P., Bartelette, S., Alverez, I. Lincoln University of Missouri. PROTECTING AND GROWING NATIVE WILD LEEKS IN MISSOURI. Wild leeks (Allium tricoccum) are shade tolerant edible plants native to deciduous forests in the United States and Canada. Conservation measures are underway in states like West Virginia, North Carolina, Virginia and New York because of the threat of overharvest. In Missouri, wild leeks are documented in 19 counties. To avoid this imminent risk in Missouri and protect natural populations, the main goal of this study is to offer training through outreach and education based on research conducted in these states. We are also evaluating them as specialty crops in Missouri to discourage digging in the wild. Plant growth and seed germination will be measured for 3 or more years at LU campus in raised beds, pots and field plots. Preliminary results on numbers of bulbs per plant and bulb size showed no differences for wild leeks grown in pots with three different soil media. Survival was close to 98% and animal disturbance and diseases were not observed. Five small farmers in Boone, Callaway, Cole and Scott Counties are collaborating with this study. Wild leeks' acceptability as an edible was tested in 2015 during food tasting sessions, in which volunteers rated flavor, aroma, texture, appearance and acceptability of recipes with wild leeks. Average rates for flavor, texture, aroma, presentation and overall acceptability of five rec"
W2554992163,B1,4,2016,152,Eric A. Kuehler,Quantifying the benefits of urban forest systems as a component of the green infrastructure stormwater treatment network,https://doi.org/10.1002/eco.1813,Ecohydrology,,"Abstract The use of green infrastructure for reducing stormwater runoff is increasingly common. One under‐studied component of the green infrastructure network is the urban forest system. Trees can play an important role as the “first line of defense” for restoring more natural hydrologic regimes in urban watersheds by intercepting rainfall, delaying runoff, infiltrating, and transpiring captured stormwater. However, inadequate research quantifying the urban tree contribution to rainfall/runoff processes limits their promotion by stormwater managers. The purpose of this literature review is to highlight the limited research performed, document areas of need for quantifying the benefits of urban trees for stormwater management, and provide a basis for providing credits for trees in stormwater designs. Recent research has shown that urban trees can retain a sizable volume of annual rainfall in their crowns, delay the flow of stormwater runoff, substantially increase the infiltration capacity of urban soils, and provide transpiration of sequestered runoff for additional stormwater storage. Tree canopy effectiveness is highest during short, low‐intensity storms and lower as rainfall volume and intensity increases. While soils are the best medium to store and filter stormwater, trees may be integrated with other runoff reduction strategies to bring more natural hydrologic processes to urban watersheds by taking advantage of multiple points of retention. Gaps remain in the body of "
W2747150830,B1,4,2017,39,Tarique Hassan,"Remote sensing upscaling of interception loss from isolated oaks: Sardon catchment case study, Spain",https://doi.org/10.1016/j.jhydrol.2017.08.016,Journal of Hydrology,https://www.sciencedirect.com/science/article/pii/S0022169417305437/pdf,"Tree interception loss from two Mediterranean oak species, Quercus ilex (Q.i.) and Quercus pyrenaica (Q.p.), was estimated during 2-year period (1 October 2011 to 30 September 2013) in sparsely vegetated Sardon catchment (∼80 km2, Spain) by: i) rainfall, throughfall and stemflow measurements; ii) Gash model temporal extrapolation; and iii) remote-sensing spatial upscaling. The annual, measured tree interception losses (Im) of Q.i. and Q.p. in the first year were 51% and 16% of P (335 mm) and in the second, 46% and 10% of P (672 mm), respectively. The revised Gash analytical model of rainfall interception loss, extrapolated well the Im temporal variability of Q.i. and Q.p., provided the throughfall-based, and not Pennman-Monteith-based, average wet canopy evaporation rates were used. Finally, a novel method of spatial upscaling of a tree-based interception loss into plot- and catchment-scale, using per-species, reference tree interception loss and object-attributes derived from satellite imagery, was proposed. The interception losses from Q.i. and Q.p. were upscaled first into two homogeneous plots (1-ha each and both with ∼20% canopy cover), one with Q.i. and the other with Q.p. oaks and then into the entire Sardon catchment with ∼7% canopy cover. The obtained annual-mean, plot interception losses were 9.5% of P in evergreen Q.i. and 2.5% of P in deciduous Q.p. plot. The annual-mean catchment interception loss was 1.4% of P. The proposed upscaling method is expected to improv"
W2765281957,B1,5,2017,44,Leonor Rodríguez‐Sinobas,"Techniques and criteria for sustainable urban stormwater management. The case study of Valdebebas (Madrid, Spain)",https://doi.org/10.1016/j.jclepro.2017.10.070,Journal of Cleaner Production,,
W3035482954,B1,5,2019,0,Carlos Cayuela Linares,Ecohydrology of mediterranean headwater catchments. The role of forest in the redistribution and isotopic modification of water fluxes,,Dialnet (Universidad de la Rioja),,"The present dissertation aims to analyse the role of forest cover on the redistribution of water fluxes and improve the current knowledge on hydrological functioning of Mediterranean headwater catchments. This study has been carried out in the Vallcebre research catchments, an area representative of these Mediterranean mountain environments. Continuous measurements of rainfall, throughfall, stemflow, runoff, meteorological data and stable isotopes of water have been used to investigate hydrological processes at different spatio-temporal scales. At the plot scale, the findings obtained from a Scots pine (Pinus sylvestris L.) and downy oak (Quercus pubescens Willd.) forest plots have shown that stemflow, despite being only a small portion of the incident precipitation, is a substantial source of water and particulate matter at the base of trees. Stemflow is the result of a complex combination of biotic and abiotic factors, it increases with the event size but the duration of rainfall, intensity or the evaporative demand highly influence its temporal dynamics. In addition, we have found the size of trees to be the main factor producing differences among individuals of each species. However, between species, main stemflow differences have been attributed to different bark storage capacities and different evaporation rates. Besides, through the analysis of the particles contained in throughfall and stemflow, we have observed that the interaction between particulate matter and vege"
W3005226204,B1,6,2020,48,Jasmine K. Thom,Transpiration by established trees could increase the efficiency of stormwater control measures,https://doi.org/10.1016/j.watres.2020.115597,Water Research,,
W2074790160,B1,6,2006,177,Romà Ogaya,"Tree growth, mortality, and above-ground biomass accumulation in a holm oak forest under a five-year experimental field drought",https://doi.org/10.1007/s11258-006-9184-6,Plant Ecology,,
W2783114409,B1,7,2018,1,Robert M. Elliott,"From a Census of 680,000 Street Trees to Smart Stormwater Management: A Study of Efficacy and Economics of Street Tree Guards in New York City",https://doi.org/10.7916/d86d74w0,Columbia Academic Commons (Columbia University),,"Green Infrastructure (GI) is a strategy of incorporating a distributed network of eco-technical systems that retain and detain stormwater to improve the hydrology of developed landscapes. GI is particularly needed in urban environments where roads, buildings, parking areas, and paved public spaces create a hardscape that results in rainfall rapidly running off and subsequently polluting natural waterways. However, the same dense, built-up environment that necessitates GI also creates a barrier to installing the amount of GI needed to meaningfully alter urban hydrologic behavior. Although a wide array of systems have been developed to fit in different urban niches, as exemplified by sedum green roofs, bioswales, rain gardens, rainwater harvesting, and permeable paving, many can be costly and difficult to integrate at scale. Thus, measuring and optimizing the performance of existing urban vegetation represents an important area of focus for stormwater management and offers potential for more economical use of resources allocated for GI. This paper focuses on examining the role of urban street trees in stormwater management."
W2001803822,B1,7,2005,166,David J. Connor,Adaptation of olive (Olea europaea L.) to water-limited environments,https://doi.org/10.1071/ar05169,Australian Journal of Agricultural Research,,"Olive has been widely grown around the Mediterranean Basin for around 5000 years, where productivity and survival of this long-lived evergreen tree in environments of low and variable rainfall depend on physiological characteristics but also on management. The tree exercises effective control of water loss by transpiration and can also withstand intense internal water deficit that in turn increases extraction of water from soil. Critical aspects of management that maintain, albeit limited, transpiration and metabolic activity during hot dry summer months, are directed at both crop and understorey. Strategic decisions are selection of cultivar, tree density, and canopy size, together with surface management as tilled soil or as cover crop of selected species. Tactical adjustments are seen in extra pruning of olives and timing of tillage, or of grazing, mowing, or herbicides to restrict growth and water use of the understorey, especially following dry winters and during dry summers. Survival of olive orchards in low-rainfall climates requires that canopies intercept a small proportion of incident radiation, depending upon rainfall amount, distribution, and soil water storage capacity. Crop water balance models can assist in defining optimum canopy size for productivity and survival. New olive production in the Mediterranean and now extending widely in the ‘New World’, including in Australia, deviates widely from traditional practice. Orchards are planted at higher density, are "
W2326023864,B1,8,2012,50,Ole Fryd,The role of urban green space and trees in relation to climate change.,https://doi.org/10.1079/pavsnnr20116053,CABI Reviews,,"Abstract Urban areas are particularly susceptible to climate change. For instance, effects of increasing temperatures on public health and energy demands for cooling of buildings are further intensified by the urban heat island effect, and the current sewer infrastructure is not designed to handle predicted rainstorm events. Urban green spaces can play a role in climate change mitigation approaches, but in particular with regard to climate change adaptation . This includes moderation of urban temperatures as well as linking green spaces and stormwater management. However, climate change also influences the growth conditions of urban vegetation, and as beneficial effects depend on vital and lush plants, establishment and management practices of urban plantings have to adapt to climate change challenges as well. While environmental, social and economic benefits of urban green space are well established, there is still a significant lack of knowledge for the site adapted planning and design of a green infrastructure in a given location to meet the challenges of climate change."
W2243566965,B1,8,2009,0,Pere LLorens,Hidrología de un ambiente Mediterráneo de montaña. Las cuencas de Vallcebre (pirineo oriental) III. Vegetación y flujos de agua,,Hispana,,"The Vallcebre research catchments are located in a Mediterranean mountain area (Pyrenean range, NE Spain). These catchments were originally covered by Quercus pubescens Willd. and deforested for agricultural use in the past. Nowadays they are covered by mesophyle grasses with spontaneous afforestation by Pinus sylvestris L. In this context, different investigations studying water fluxes in the soil-vegetation-atmosphere continuum have been performed. The main objective of these studies is the analysis and modelling of the role of vegetation cover on the catchment water balance in a framework of climate and land use changes. The dynamics of rainfall interception and transpiration by Scots pines and pubescens oaks, are investigated in terms of their dependence on meteorological conditions, on soil moisture and water table depth. Furthermore, the role of vegetation on catchment water balance is analysed. The results underline: (i) the importance of rainfall interception losses by both tree species and the high temporal variability of this flux, (ii) the effect of forest covers on soil moisture and (iii) the differences in transpiration between species, showing Scots pines a strong reduction of transpiration during droughts. Modelling results indicate that TOPBAL model (a developed version of TOPMODEL for an improved simulation of the response of catchments with diverse vegetation covers and high climatic seasonality) improved the simulation of the catchment water balance. Key-wo"
W3183470465,B1,9,2021,8,R. Bean,"Urban Tree Rainfall Interception Measurement and Modeling in WinSLAMM, the Source Loading and Management Model",https://doi.org/10.14796/jwmm.c475,Journal of Water Management Modeling,https://www.chijournal.org/Content/Files/C475.pdf,"Recently, the role of urban trees in stormwater management has received increasing interest.The interception of rainfall by urban trees has been proposed to provide substantial benefits by reducing runoff rates and quantities.However, few data are available for rainfall interception of trees in typical urban settings, in contrast to research from natural forests that have dense standings of trees.Additional needed information includes:• how interception changes for different seasonal changes in urban tree canopies for different types of trees,• how these interception values vary for different rains; and• how interception affects urban stormwater for typical urban settings.This paper describes a series of direct interception (throughfall) measurements under urban trees and calibrated modeling using WinSLAMM to provide some data to address these questions.This study used a standard rain gauge located in an open area and rain gauges under deciduous water oaks (Quercus nigra) and evergreen loblollly pines (Pinus taeda) trees.A total of 85 rain events were monitored from early December 2018 through January 2020 and were statistically evaluated.It was found that tree type had the most important effect on tree canopy interception, followed by rain amount, while seasonal effects were not as important.The interception under the pine was only important for the smallest rain events, while interception under the oaks varied from about 30% to 50%, depending on the rain amount."
W3080428989,B1,9,2020,13,François P. Teste,The potential for phosphorus benefits through root placement in the rhizosphere of phosphorus-mobilising neighbours,https://doi.org/10.1007/s00442-020-04733-6,Oecologia,,
W4280508449,B1,10,2022,46,M. Susana Orta‐Ortiz,What variables matter when designing nature-based solutions for stormwater management? A review of impacts on ecosystem services,https://doi.org/10.1016/j.eiar.2022.106802,Environmental Impact Assessment Review,,
W2599431124,B1,11,2017,110,Helen Davies,Challenges for tree officers to enhance the provision of regulating ecosystem services from urban forests,https://doi.org/10.1016/j.envres.2017.03.020,Environmental Research,https://www.sciencedirect.com/science/article/pii/S0013935117304942/pdf,"Urbanisation and a changing climate are leading to more frequent and severe flood, heat and air pollution episodes in Britain's cities. Interest in nature-based solutions to these urban problems is growing, with urban forests potentially able to provide a range of regulating ecosystem services such as stormwater attenuation, heat amelioration and air purification. The extent to which these benefits are realized is largely dependent on urban forest management objectives, the availability of funding, and the understanding of ecosystem service concepts within local governments, the primary delivery agents of urban forests. This study aims to establish the extent to which British local authorities actively manage their urban forests for regulating ecosystem services, and identify which resources local authorities most need in order to enhance provision of ecosystem services by Britain's urban forests. Interviews were carried out with staff responsible for tree management decisions in fifteen major local authorities from across Britain, selected on the basis of their urban nature and high population density. Local authorities have a reactive approach to urban forest management, driven by human health and safety concerns and complaints about tree disservices. There is relatively little focus on ensuring provision of regulating ecosystem services, despite awareness by tree officers of the key role that urban forests can play in alleviating chronic air pollution, flood risk and urban"
W2045106514,B1,12,2015,56,Julie Schooling,The influence of rainfall depth class and deciduous tree traits on stemflow production in an urban park,https://doi.org/10.1007/s11252-015-0441-0,Urban Ecosystems,,
W3130609740,B1,13,2021,48,Alireza Nooraei Beidokhti,"The effects of precipitation, tree phenology, leaf area index, and bark characteristics on throughfall rates by urban trees: A meta-data analysis",https://doi.org/10.1016/j.ufug.2021.127052,Urban forestry & urban greening,,
W2509638468,B1,14,2016,142,Ebadat Ghanbari Parmehr,Estimation of urban tree canopy cover using random point sampling and remote sensing methods,https://doi.org/10.1016/j.ufug.2016.08.011,Urban forestry & urban greening,,
W3049291179,B1,15,2020,31,Peihao Song,"Hydrological Effects of Urban Green Space on Stormwater Runoff Reduction in Luohe, China",https://doi.org/10.3390/su12166599,Sustainability,https://www.mdpi.com/2071-1050/12/16/6599/pdf?version=1597415598,"This paper reveals the role of urban green space (UGS) in regulating runoff and hence on urban hydrological balance. The modeling software i-Tree Hydro was used to quantify the effects of UGS on surface runoff regulation and canopy interception capacity in four simulated land-cover scenarios. The results showed that the existing UGS could mitigate 15,871,900 m3 volume of runoff (accounting for 9.85% of total runoff) and intercept approximately 9.69% of total rainfall by the vegetation canopy. UGS in midterm goal and final goal scenarios could retain about 10.74% and 10.89% of total rainfall that falls onto the canopy layer, respectively. The existing UGS in the Luohe urban area had a positive but limited contribution in runoff regulation, with similar responses in future scenarios with increased UGS coverage. UGS rainfall interception volume changed seasonally along with changing leaf area index (LAI) and precipitation, and the interception efficiency was distinctly different under various rain intensities and durations. The UGS had a relatively high interception performance under light and long duration rain events but performed poorly under heavy and short rain events due to limited surface storage capacities. Our study will assist urban planners and policy-makers regarding UGS size and functionality in future planning in Luohe, particularly regarding future runoff management and Sponge City projects."
W4408388501,B1,16,2025,6,Matteo Clemente,"A “Street Tree” Master Plan for the Strategic Management of Linear Reforestation and Urban Landscape Enhancement in Rome, Italy",https://doi.org/10.3390/land14030606,Land,,"Trees in urban environments play a crucial ecological role, helping to mitigate air pollution, reduce urban heat islands, improve stormwater drainage, and provide essential ecosystem services such as biodiversity conservation. Street trees, in particular, form an interconnected network within the urban fabric, offering the potential to link various green spaces across the city. Several cities have implemented dedicated Street Tree Master Plans (STMPs) to manage street trees effectively. A STMP thus serves as both a vital tool for the management and conservation of urban tree heritage and an opportunity to enhance public spaces and the quality of life for citizens. This case study of Rome (Italy) presents a particularly complex challenge, partly due to the city’s rich historical heritage, where street trees contribute to the identity of places and the urban environment in the context of climate change. The tree heritage of Rome requires ongoing maintenance, the improvement of growing conditions, the replacement of hazardous or aging trees along street rows, and the addition of new trees to enhance and diversify the urban tree population. Starting from a new census of street trees and a spatial analysis using GIS methodologies, this study examines the approach taken by Rome’s STMP. It focuses on the different strategies proposed for various types of streets, classified on the specific role that trees play in each context. Specifically, the plan offers a strategic vision for the"
W4389950501,B1,17,2023,18,Elise M. Willis,Greening development: Reducing urban tree canopy loss through incentives,https://doi.org/10.1016/j.ufug.2023.128184,Urban forestry & urban greening,,
W3193546826,B1,18,2021,10,Whisnu Febry Afrianto,"The suitability assessment of the tree species in the urban parks and urban forest in Kediri City, East Java, Indonesia",https://doi.org/10.13057/nusbiosci/n130201,Nusantara Bioscience,https://smujo.id/nb/article/download/7809/4989,"Abstract. Afrianto WF, Wati SI, Hidayatullah T. 2021. The suitability assessment of the tree species in the urban parks and urban forest in Kediri City, East Java, Indonesia. Nusantara Bioscience 13: 131-139. Kediri has several urban parks and an urban forest as green open space (GOS) which have essential roles in economical, social, aesthetical, and ecological aspects. Generally, urban trees provide ecosystem services, such as carbon sequestration, stormwater attenuation, energy conservation, habitat for wildlife, air, water, and noise pollutants reduction. The present study aimed to (i) determine tree diversity in five urban parks and an urban forest of Kediri City and (ii) evaluate the suitability of tree species based on three indicators (silviculture, management, and aesthetic). This study was conducted in five urban parks and one urban forest in Kediri City. The suitability assessment was carried out through a literature review. The results showed that 29 tree species belonging to 17 families were found in the study sites, with the family Fabaceae being the most dominant one with five species. The number of exotic tree species (17) was higher than that of the native ones (12). The suitability assessment results showed that 21 tree species had a high score of 39-44, and only eight urban tree species had a medium score of 36-38. The urban parks and urban forests in Kediri were managed for the conservation of germplasm, recreation, and protection. The shapes were clumped a"
W4229041673,B1,19,2022,17,Hana Šigutová,Highway stormwater ponds as islands of Odonata diversity in an agricultural landscape,https://doi.org/10.1016/j.scitotenv.2022.155774,The Science of The Total Environment,,
W3211173126,B2,0,2021,98,William R. Selbig,Quantifying the stormwater runoff volume reduction benefits of urban street tree canopy,https://doi.org/10.1016/j.scitotenv.2021.151296,The Science of The Total Environment,,
W4282945512,B2,1,2022,9,Robert C. Coville,Loss of street trees predicted to cause 6000 L/tree increase in leaf-on stormwater runoff for Great Lakes urban sewershed,https://doi.org/10.1016/j.ufug.2022.127649,Urban forestry & urban greening,,"Urban forests are recognized as a nature-based solution for stormwater management. This study assessed the underlying processes and extent of runoff reduction due to street trees with a paired-catchment experiment conducted in two sewersheds of Fond du Lac, Wisconsin. Computer models are flexible, fast, and low-cost options to generalize and assess the hydrologic processes determined in field studies. A state-of-the-art, public-domain model, which explicitly simulates urban tree hydrology, i-Tree Hydro, was used to simulate the paired-catchment experiment, and results from field observations and simulation predictions were compared to assess model validity and suitability as per conditions in the broader Great Lakes basin. Model parameters were aligned with observed conditions using automatic and manual calibration. Model performance metrics were used to quantify the weekly performance of calibration and to validate predictions. Those calibration metrics differed substantially between the two periods simulated, but most calibration metrics remained positive, indicating the model was not fitting only the period used for calibration. Predicted avoided runoff for a five-month leaf-on period was 64 L/m2 of canopy, 4 % lower than the field-estimated avoided runoff of 66 L/m2 of canopy. Interception was the most directly comparable process between the model and field observations. Based on 5 storms sampled, field estimation of precipitation intercepted and retained on trees average"
W2096830894,B4,0,2014,6,Francesco Dottori,Analysis of flash flood scenarios in an urbanized catchment using a two-dimensional hydraulic model,https://doi.org/10.5194/piahs-364-198-2014,Proceedings of the International Association of Hydrological Sciences,https://www.proc-iahs.net/364/198/2014/piahs-364-198-2014.pdf,"Abstract. In Italy, growing urbanization is leading to a higher risk of flooding of small water courses, especially in steep catchments of limited area, where severe flash flood events can occur. The assessment of flash flood hazard requires new modelling tools that can reproduce both the rainfall–runoff processes in the catchment, and the flow processes in the drainage network. In this paper we propose the use of a simple two-dimensional hydraulic model for analysing a flood scenario in a small valley within the urban area of the city of Bologna, Italy. Historically this area has been prone to severe flood events, the most recent of which occurred in 1955 and 1932. Since then there has been a significant increase in urbanization of the lower portion of the catchment, while the natural stream bed has been partially replaced by a culvert. The two-dimensional hydraulic model was therefore applied at catchment scale, in order to simulate the possible effects of historical scenarios in the present catchment configuration. Rainfall and runoff data measured during recent rainfall events were used to calibrate model parameters. Model results show that the current culvert section would be insufficient to drain the runoff produced by intense rainfall events, with potential inundation of surrounding urban areas."
W4407535996,B4,0,2025,12,Tim  Sebastiaan Busker,The Value of Precipitation Forecasts to Anticipate Floods,https://doi.org/10.1175/bams-d-24-0073.1,Bulletin of the American Meteorological Society,,"Abstract Recent disasters have highlighted the severe local impacts of extreme precipitation, including flash floods, landslides, and urban inundation. Despite significant investments in early warning systems, these events often catch many people off guard, emphasizing the need for a better translation of warnings into early actions. In this study, we directly address this gap by translating precipitation forecasts from the ECMWF, specifically the extreme forecast index (EFI) and shift of tails (SOT), to concrete triggers for early action. Our analysis reveals that such actions, triggered with a 2–3-day lead time, have a high potential economic value (PEV) across large parts of Europe. The SOT forecasts generally have higher economic value than EFI, especially at longer lead times. However, the effectiveness of both disappears across most of Europe with a 5-day lead. These results are based on comparing forecasts to the E-OBS dataset for extreme rainfall (>5-yr return period) over 8 years. We apply the optimal warning thresholds found in this analysis to the rainfall event that triggered the July 2021 western Europe flood disaster. Our results indicate that the EFI and SOT forecasts provided accurate and timely warnings at least 2–3 days in advance, aligning with flood impacts recorded in the Emergency Events Database (EM-DAT) dataset. Notably, on a 1-day lead time, the SOT forecasts accurately pointed to the Ahr catchment in Germany with highly exceptional values, providing "
W4382561865,B5,0,2023,53,Tongping Hao,Optimization of tree locations to reduce human heat stress in an urban park,https://doi.org/10.1016/j.ufug.2023.128017,Urban forestry & urban greening,,"Trees provide cooling benefits through shading and evapotranspiration; they are regarded as an important measure in heat-resilient urban planning and policies. Knowing where to plant trees for maximum cooling benefits, given practical and resource constraints, remains a challenge in both practice and research. Literature in the field of tree modeling and location optimization is limited, either by the incompleteness in accounting for tree shading, evapotranspiration, and the modifying effect of wind, or by the slow-running speed of the Computational Fluid Dynamics model, making them less applicable in practice. This paper describes a novel method to search for the optimal locations for trees to maximize their cooling benefits in an urban environment. A rapid simulation model was applied to assess on-site heat stress under the influences of trees, which was evaluated using field measurements conducted under hot, temperate, and cool weather conditions in an urban park in Hong Kong. It was then linked to a genetic algorithm in search of a near-optimal tree layout. The proposed method was tested in the same park, and it can automatically identify locations to plant new trees to minimize heat stress, subject to practical constraints such as avoiding existing buildings and utilities. It can also identify the optimal locations to rearrange the existing 55 trees, hypothetically, which can cool the park by up to 0.3 ℃ in on-site average equivalent temperature compared with the worse s"
W4416784008,B5,1,2025,4,Samah Elkhateeb,Parametric Optimization of Urban Street Tree Placement: Computational Workflow for Dynamic Shade Provision in Hot Climates,https://doi.org/10.3390/urbansci9120504,Urban Science,https://www.mdpi.com/2413-8851/9/12/504/pdf?version=1764321692,"Urban streets in hot climates often suffer from inadequate shade, exacerbating pedestrian discomfort, urban heat island effects, and energy demands for cooling. Traditional tree-planting approaches overlook dynamic solar paths, building-induced shadows, and spacing requirements, resulting in suboptimal shade coverage and resource inefficiency. This study introduces a computational workflow in Rhino/Grasshopper to optimize tree placement and canopy radii through analysis of solar radiation and shadow patterns. By prioritizing sun-exposed zones, minimizing shadow overlaps, and ensuring growth-appropriate distances, the tool enhances shade distribution. Integration of parametric modeling and environmental simulations improved thermal comfort, reduced energy use, and evidence-based urban planning strategies. Across ten optimization runs, the workflow achieved a 68% increase in shade coverage, an 11.5 °C reduction in mean radiant temperature (MRT), and a 72% decrease in the spatial extent of high-risk heat-exposure zones, demonstrating its potential for climate-adaptive street design in hot-arid environments."
W4412478293,B5,2,2025,1,Faming Li,Research on the optimal layout form and optimization of trees in the main square of an urban campus based on thermal environment simulation,https://doi.org/10.3389/frsc.2025.1544249,Frontiers in Sustainable Cities,https://www.frontiersin.org/journals/sustainable-cities/articles/10.3389/frsc.2025.1544249/pdf,"Introduction In the process of rapid urbanization in China, the arbor planting form is often used in the majority of urban squares, due to the large area of hard pavement in this type of square space leads to poor human comfort in the microenvironment of the summer site, so the planting of arbor vegetation in the site is an important factor to enhance the comfort of the microenvironment of this type of site space. Methods This paper takes the main square of the central axis of a university in the north as an example, carries out multi-type simulation on the planting method of square arborvitae by point cloud modeling and Computational Fluid Dynamics (CFD) simulation, and explores the optimal layout form of arbor in this type of square based on the simulation of thermal comfort. Results and discussion The results show that the thermal comfort in different forms can be divided into three levels: (1) when the planting distance is 2.5 times the crown width at an angle of 45° to the wind direction, the thermal comfort effect of the site is optimal (ΔSET*= 0.243°C, ΔWBGT = 0.141°C reduction); (2) when the planting distance is 2 times the crown width parallel to the direction of the prevailing winds in summer, the thermal comfort effect of the site is better (ΔSET*= 0.198°C, ΔWBGT = 0.130°C reduction); (3) when the planting distance is less than 2 times the crown width in the perpendicular wind direction, the thermal comfort effect of the site is the worst (ΔSET*= 0.079°C, ΔWBGT = 0"
W7154696515,B5,3,2026,0,Gabriele Oneto,Performance‑driven optimization of nature‑based solutions for advancing urban canyon shading,https://doi.org/10.1016/j.ufug.2026.129457,Urban forestry & urban greening,,"Climate change is affecting environmental quality, especially at the urban canyon level, leading to hazards such as heat stress, and intensified heatwaves. To enhance urban resilience and mitigate rising temperatures, systemic solutions are required. Nature-Based Solutions (NBS) are recognized as promising strategies, yet their implementation often lacks proper planning and quantification of performance. Existing simulation tools remain limited by high computational demands. This study applies Machine Learning (ML) to reduce reliance on simulations, streamline workflows, all while optimizing NBS performance, specifically urban street trees. A comprehensive dataset was developed, integrating urban canyons geometries and trees characteristics representative of typical urban conditions and plant species commonly used in design. A validated real time tool for computational simulations was used to investigate correlations between site morphology and street trees shading performance, which were then generalized across the Italian territory through Machine Learning (ML) approaches. Across more than 300’000 simulated canyon-tree configurations, latitude emerged as the dominant predictor of shading performance, while wider canyons and larger crown radii consistently achieved high scores (TOPSIS Scores > 0.9), identifying single- and double-row layouts as the most effective solutions. This methodology demonstrates that urban trees shading effectiveness can be predicted and generalized "
W7203855747,B5,4,2026,0,Vivek Kumar Dhiman,Integration of biological and engineering technologies for systems design in urban forestry,https://doi.org/10.3389/frsc.2026.1866595,Frontiers in Sustainable Cities,https://www.frontiersin.org/journals/sustainable-cities/articles/10.3389/frsc.2026.1866595/pdf,"Urbanization represents one of the most consequential environmental transformations of the 21st century, necessitating a fundamental re-evaluation of biological capital within rapidly expanding anthropogenic systems. Within this burgeoning anthropogenic environment, the traditional concept of the natural tree is no longer a viable solitary unit for environmental management. As urbanization concentrates people, materials, and energy, it replaces resilient natural landscapes with surfaces that generate heat, combustion byproducts, and persistent chemical emissions (Fineschi and Loreto, 2020). As a result, urban forestry must be reimagined as an integrated systems approach rather than solely as a biological intervention. Future urban forests should function as engineered biological infrastructure that combines advances in biotechnology, computational design, sensor-based monitoring, and environmental engineering to optimize ecosystem service delivery under highly modified urban conditions. Within this systems framework, biotechnology serves as one component of a broader strategy for designing resilient, adaptive, and measurable urban green infrastructure (Wolf et al., 2020).A critical limitation of conventional urban forestry lies in its reliance on canopy cover as a proxy for ecosystem performance. While canopy metrics quantify spatial extent, they fail to capture functional outputs such as pollutant removal efficiency, thermal regulation, and survivability under stress. This d"
W4406943111,B5,5,2025,15,Francesca Mosca,A computational approach to assess the effects of ecological building envelopes on outdoor thermal comfort,https://doi.org/10.1016/j.scs.2025.106170,Sustainable Cities and Society,,"• Ecological building envelopes support microclimate regulation in dense urban areas. • Outdoor thermal comfort vary depending on NbS configuration on the building envelope. • PFGs microclimatic performance can be calculated through CFD simulations. • Geometry, urban density, and NbS are key parameters for microclimate regulation. Rapid urbanization and the progressive reduction of green spaces in urban areas are among the main causes of the Urban Heat Island (UHI) effect. Nature-based building envelopes can effectively support the mitigation of UHI and the improvement of microclimate conditions. This paper aims to identify the most efficient computational method(s) to be included in a parametric optimization process for evaluating outdoor thermal comfort (OTC), considering the contribution of design parameters and plants. In addition, the performance of ecological building envelopes is evaluated, identifying the most relevant design and context parameters for OTC improvement. Specifically, building height (up to Δ6,95 °C between high-rise and terraced houses), geometric form (up to Δ11,9 °C between multi-storey building and terraced houses), urban density (up to Δ6,31 °C between high and low density), and the presence of trees (up to Δ6,13 °C configuration with and without trees) are among the most influential factors. Furthermore, perimeter blocks and multi-storey buildings constitute the most promising building types due to the high variation of OTC conditions (up to Δ8.78"
W4415998727,B5,6,2025,1,Heyang Qin,Investigating the Wind Flow Modulation of Tree Crown Morphology and Layout at Different Heights,https://doi.org/10.3390/f16111698,Forests,,"Tree planting strategies play a critical role in improving local wind environments. This study investigates the effects of tree crown morphology and planting layout on wind regulation at two vertical levels, pedestrian height (1.5 m) and low-altitude canopy level (5 m), in Macau, a high-density subtropical city. Field microclimate measurements were combined with computational fluid dynamics (CFD) simulations to quantify the performance of three typical crown morphologies (ellipsoidal, cylindrical, and conical) under six planting configurations. Results reveal differentiated impacts across heights; under single trees and opposite tree plantings, ellipsoidal crowns produced the least wind reduction at 1.5 m but the strongest blockage at 5 m, while conical crowns caused substantial attenuation at 1.5 m yet allowed faster wind recovery at 5 m. Planting layouts further modulated these effects; a single-row of ellipsoidal crowns balanced pedestrian ventilation with upper-level wind protection, whereas opposite tree pair planting, enclosure planting and curved planting displayed contrasting performances depending on species morphology. The findings demonstrate that optimizing tree morphology and layout can precisely regulate ventilation and sheltering across height layers. This study provides scientific evidence for vegetation configuration in hot–humid high-density cities, supporting climate-responsive urban planning and design."
W4405529008,B5,7,2024,2,Mohammadhassan Salmanian,EXAMINING THE INFLUENCE OF URBAN FORM ON THE THERMAL COMFORT OF STREET CANYONS IN TEHRAN: A CASE STUDY OF NARMAK NEIGHBOURHOOD,https://doi.org/10.31436/japcm.v14i1.862,Journal of Architecture Planning and Construction Management,https://journals.iium.edu.my/kaed/index.php/japcm/article/download/862/641,"As urbanization advances, the emphasis on outdoor spaces grows, highlighting poor thermal balance as a detrimental factor in achieving comfort within densely populated urban structures. Consequently, an urgent imperative exists to evaluate and optimize urban morphology to ensure sufficient outdoor thermal comfort. This study assesses the thermal efficiency of residential areas in Narmak, Tehran, Iran, with the primary goal of enhancing thermal comfort, specifically the PET, and discerning optimal urban layouts. Employing computational simulation techniques, this investigation meticulously examines urban design variables that influence outdoor thermal comfort, encompassing street direction, enclosure, building forms’ typology, and tree planting. The research findings unveil that the orientation of street canyons exerts the most significant influence at 39.12%, closely followed by the aspect ratio at 36.78%. Remarkably, within the considered climatic components such as air temperature, wind speed, and humidity, tree planting emerges as the most influential factor impacting outdoor thermal comfort in this case study. These analytical outcomes furnish valuable insights into the contextual design of elements that influence the thermal comfort of outdoor open spaces."
W4309517757,B5,8,2022,0,Qiankun Xiao,[Research methods and progress on the reduction effects of vehicle emission pollutants by street canyon greening.],https://doi.org/10.13287/j.1001-9332.202211.022,PubMed,,"With the development of high-density and high-rise buildings on both sides of the street, widespread attention has been paid to the applicability of the traditional greening model of 'the more trees, the better atmospheric environment' in dealing with air pollution in urban street canyons. Clarifying the characteristics of street canyons greening and its planting design pattern on the reduction of emission pollutants by vehicles is an important prerequisite for the improvement of air quality in the street canyons. Based on literature review, we compared the applicability and limitations of the three methods, including field observation, wind tunnel test, and numerical simulation. We further analyzed the effects of roadside trees and hedges on the dispersion and deposition of air pollutants, and put forward a framework of adaptive greening design for air quality improvement. Finally, we proposed that future studies should address the creation of graphic languages for roadside greening design, the development of technical guidelines for evaluating the exposure of air pollution, and the optimization of parameterization schemes for the physical processes of greening effect in computational fluid dynamics models. Overall, our review could provide ideas and reference for the subsequent research."
W4313038414,B5,9,2021,0,,Announcement of the 2022 winners of the Spychala and Women in Science Awards,https://doi.org/10.5325/jpennacadscie.95.2.0151,Journal of the Pennsylvania Academy of Science,,"The Pennsylvania Academy of Science works to recognize outstanding presentations of graduate and undergraduate students at the annual meeting each year. We present first, second, and third place oral and poster presenters with the Spychala Award, funded through an endowment created by the Anne Spychala Family Charitable Foundation. A second Spychala fund allows us to recognize achievements by women through the Women in Science award. After a two-year hiatus in these awards due to the global Sars- CoV2 pandemic, we are happy to announce the return of the awards with the return of our in-person annual meeting, 25–27 March at DeSales University.At the 2022 annual meeting of the Pennsylvania Academy of Science, 18 students were selected for outstanding presentations for the Spychala Awards and the Women in Science Award (Table 1). These winners represent nine different institutions and worked on projects ranging from gene expression in cancer cells, through chemotherapeutic drugs, to environmental assessment of sediments and invasive species. These projects also demonstrate some of the breadth of the Academy, with representation from the fields of biology, chemistry, and environmental science. Furthermore, the student winners represent an increasing diversity of maturing scientists, something that the Academy is working toward. Following this brief introduction are the abstracts (as submitted with minor edits) for each winning presentation (in alphabetical order by author).Kwaben"
