taxon_or_class,parameter,value_or_range,unit,reference_area,definition,source,DOI,read_level,region
Tilia cordata,s_per_LAI (effective canopy storage per unit LAI),1.41-1.92 (median 1.85; n=8 trees),mm per unit one-sided LAI,crown projected area,"S_fit / LAI; S fitted by least squares on events >=1 mm with I=min(P,S); effective, includes event evaporation","Anys & Weiler 2024 data, fitted in scripts/calibrate_interception.py (databases/traits/interception_calibration.csv)",10.1002/hyp.15146,full text digest + repo calibration,"Freiburg, DE (Cfb)"
Acer platanoides,s_per_LAI,"1.22-3.85 (median 1.60; n=8; two low-LAI/outlier trees 3.46, 3.85)",mm per unit one-sided LAI,crown projected area,as above,same,10.1002/hyp.15146,full text digest + repo calibration,"Freiburg, DE (Cfb)"
Tilia cordata,s_per_PAI,1.19-1.60 (median 1.47; n=8),mm per unit PAI (leaf+wood),crown projected area,"S_fit / PAI (PAI = LAI + wood area index, measured)",same,10.1002/hyp.15146,full text digest + repo calibration,"Freiburg, DE (Cfb)"
Acer platanoides,s_per_PAI,1.06-2.85 (median 1.29; n=8),mm per unit PAI (leaf+wood),crown projected area,as above,same,10.1002/hyp.15146,full text digest + repo calibration,"Freiburg, DE (Cfb)"
"deciduous broadleaf street trees (Tilia+Acer, pooled)",s_per_LAI (runoff_params.json s_mm_per_lai),"1.75 (min 1.22, median 1.75, max 3.85, n=16)",mm per unit one-sided LAI,crown projected area,pooled median used in scripts/runoff_model.py: S = s*LAI,repo: scripts/calibrate_interception.py,10.1002/hyp.15146,full text digest + repo calibration,"Freiburg, DE (Cfb); applied to Barcelona (ASSUMPTION: transferable)"
"deciduous broadleaf street trees (Tilia+Acer, pooled)",s_per_PAI,"1.06-2.85 (median 1.39, n=16)",mm per unit PAI,crown projected area,as above,repo: scripts/calibrate_interception.py,10.1002/hyp.15146,full text digest + repo calibration,"Freiburg, DE (Cfb)"
Platanus x acerifolia (= P. x hispanica),"surface water storage, all surfaces","0.87 (range 0.68-1.06; leaf 1.10, stem 0.28)",mm,per unit leaf + stem surface area (rainfall simulator; whether leaf area is one- or two-sided not checked),"water held on surfaces after drip, mean of all surfaces",Xiao & McPherson 2016 (Table 4),10.2134/jeq2015.02.0092,full text,"Davis, CA, US (Csa)"
Platanus x acerifolia,Cmax / Cmin (canopy storage),0.49 / 0.29 (LAI 3.02),mm,canopy projected area,rainfall-simulator storage of juvenile potted trees; authors' event only 0.64 mm so likely rain-limited,Baptista et al. 2018,10.1002/hyp.13255,full text,Melbourne (Australia); potted trees
Platanus x acerifolia,"event interception, large deciduous tree",14.8 (21.7 mm winter storm) / 79.5 (20.3 mm summer storm),% of storm rain,"single tree, per event","modelled per-event interception, leafless vs leaf-on",Xiao & McPherson 2002 (as reproduced in an abstract summary; paper not opened),10.1023/b:ueco.0000004828.05143.67,"abstract (abs), secondary summary","Santa Monica, CA, US (Csb)"
"three species pooled (Cinnamomum camphora, Sophora japonica, Platanus orientalis)","event interception, mean over 20 events","4.0-4.3 (pooled over 3 species: Cinnamomum camphora, Sophora japonica, Platanus orientalis; no per-species split read)",mm per event,"per event, tree level",interception = gross rain - throughfall - stemflow; stemflow 0.06-0.1 mm; throughfall 17.3-17.6 mm,Ji et al. 2025,10.1016/j.ufug.2025.129068,abstract (abs),"Hefei, CN (Cfa)"
Celtis australis (flagged: Celtis sinensis),"surface water storage, all surfaces","0.71 (leaf 0.94, stem 0.17)",mm,per unit leaf + stem surface area,as Platanus,Xiao & McPherson 2016,10.2134/jeq2015.02.0092,"full text (congener, not C. australis)","Davis, CA, US"
Pyrus calleryana,"surface water storage, all surfaces","0.51 (range 0.43-0.63; leaf 0.57, stem 0.23)",mm,per unit leaf + stem surface area,cv. Bradford,Xiao & McPherson 2016,10.2134/jeq2015.02.0092,full text,"Davis, CA, US"
Pyrus calleryana,"winter (leafless) interception, 9-yr tree",15,% of winter rain,single tree,cited by Kuehler 2017 from Xiao et al. 2000,Xiao et al. 2000 via Kuehler et al. 2017,10.1002/eco.1813,secondary (full text of citing paper),"Davis, CA, US"
Melia azedarach,any interception parameter,,,,no source found (searched 10 Oct 2026; genus-level and species-level),,,not found,
Jacaranda mimosifolia,"modelled annual interception, small tree (3.5 cm dbh)",15.3,% of rainfall; 0.8 m3 per tree,single tree,lowest of species in Santa Monica model; city-wide all trees 1.6% of annual P,Xiao & McPherson 2002 (abstract summary; also cited via Huang et al. 2017),10.1023/b:ueco.0000004828.05143.67,"abstract (abs), secondary","Santa Monica, CA, US (Csb)"
Tipuana tipu,any interception parameter,,,,no source found (searched 10 Oct 2026; species and genus; Populus: no poplar-specific hit),,,not found,
Catalpa bignonioides,any interception parameter,,,,no source found (searched 10 Oct 2026; species and genus; Populus: no poplar-specific hit),,,not found,
Grevillea robusta,any interception parameter,,,,no source found (searched 10 Oct 2026; species and genus; Populus: no poplar-specific hit),,,not found,
Populus nigra,any interception parameter,,,,no source found (searched 10 Oct 2026; species and genus; Populus: no poplar-specific hit),,,not found,
Brachychiton populneus,any interception parameter,,,,no source found; broadleaf evergreen class only (see below),,,not found,
"broadleaf evergreen (class; for Brachychiton, Citrus, Grevillea, Melia?, Tipuana semi-evergreen)",relative interception ranking,"largest share of the city-total interception in Santa Monica (60%, driven by tree numbers, not a per-tree rate)",qualitative,tree level,only a qualitative statement read,Xiao & McPherson 2002 (secondary summary),10.1023/b:ueco.0000004828.05143.67,"abstract (abs), secondary","Santa Monica, CA, US"
Quercus ilex (evergreen class proxy),"surface water storage, all surfaces",0.82 (range 0.66-1.17),mm,per unit leaf + stem surface area,evergreen broadleaf,Xiao & McPherson 2016,10.2134/jeq2015.02.0092,full text,"Davis, CA, US"
Citrus (genus; x aurantium not studied),"canopy interception, orchard trees",35 (rain >=5 mm) / 50 (rain <5 mm),% of incoming rain,tree canopy,throughfall-based; depends on storm intensity,Fares et al. 2008,10.2136/sssaj2007.0167,"abstract (abs), via search snippet","central Florida, US (Cfa)"
Citrus (genus),"canopy interception, three cultivars","5.8-9.3 (throughfall 89.5-92.7, stemflow 0.5-4.7)",% of incident rain,tree canopy,,Li et al. 1997 (HortScience 32:1059),10.21273/hortsci.32.6.1059,"abstract (abs), via search snippet",US (site not read)
Citrus (class: open-grown),interception range cited,"<10 (citrus, intense Florida rain)",% of rain,open-grown tree,review statement,Kuehler et al. 2017 (via matrix row 9),10.1002/eco.1813,full text,US
Robinia pseudoacacia,"interception, leafed / leafless",17.9 / 9.4 (nine plots),% of gross rainfall,"stand, ground area",measured P - throughfall - stemflow,Ma et al. (J. For. Res. 33:529-542; online 2021),10.1007/s11676-021-01324-w,"abstract (abs), via search summary","Loess Plateau, CN (semi-arid)"
Robinia pseudoacacia,"canopy storage capacity S, indirect method, leafed / leafless",1.3 / 0.2,mm,"stand, ground area (canopy cover not separated)",Gash-type S,Ma et al.,10.1007/s11676-021-01324-w,"abstract (abs), via search summary","Loess Plateau, CN"
Robinia pseudoacacia,"interception, leafed / leafless (second site)",12.7 / 9.7,% of gross rainfall,stand,,"Chitgar Forest Park, Iran study (authors not identified; 0.5 ha plot; listed at sanad.iau.ir/en/Article/838272; search snippet only)",,unverified (search snippet),"Tehran, IR"
Casuarina cunninghamiana (Indonesian papers spell 'Casuarina cunninghamia'),"interception, stand, 10-day volume balance",41.15 (87.23 mm) vs mahogany 7.31,% of total rainfall,stand,"short-term volume balance, wind/density dependent","Indonesian-language paper, J. Rona Teknik Pertanian (Mechram, Chairani & Zaki 2012, 5(2); paper labels the tree "Pine (Casuarina cunninghamia)")",,unverified (search snippet),"Aceh, ID (tropical)"
Casuarina equisetifolia (genus proxy),interception in 4-yr agroforestry (497.9 mm rain),"19 (throughfall 80, stemflow 1.2)",% of rainfall,stand,,India 2012 paper (authors not captured),,unverified (search snippet),India
tree canopy (model class),S_L specific leaf storage (i-Tree Hydro / Eco),0.2,mm per unit LAI (0.0002 m),tree-covered ground area; S_vmax = S_L*LAI,"maximum canopy storage; leaf only, no bark/trunk store",Wang et al. 2008; i-Tree Eco Precipitation Interception Model Descriptions (Eqn 2),10.1111/j.1752-1688.2007.00139.x,full text (i-Tree doc); Wang 2008 not opened,US
tree canopy (model class),k extinction coefficient for c = 1 - exp(-k LAI),0.7 trees / 0.3 shrubs,-,,canopy cover fraction c from LAI; free throughfall = P(1-c),i-Tree Eco doc (Eqns 4-5) citing Wang et al. 2008 and van Dijk & Bruijnzeel 2001,,full text (i-Tree doc),US
tree canopy (model class),S_L bark / trunk storage (UFORE),,mm,,"no explicit bark/trunk storage value found in i-Tree Eco/Hydro docs; Wang 2008 form omits bark, branch and trunk components",i-Tree Streets/Design/Eco Rainfall Interception Model Comparisons,,full text (i-Tree doc),US
tree canopy (class; Coville 2022 via methodology 4b),"leaf storage depth, i-Tree Hydro","2.0 (typical 0.07-0.6, mean 0.25)",mm,not stated,set to match field data; possibly site-specific,Coville et al. 2022 (as quoted in notes/methodology.md 4b; not re-read here),,secondary,
tree canopy (class),"leaf storage per unit leaf area, literature range",0.03-2.24,mm per unit leaf area,unit leaf area,review statement,Kuehler et al. 2017 (matrix row 9),10.1002/eco.1813,full text,review
tree canopy (class),"Gash S (canopy capacity), p (free throughfall), pt (stemflow fraction), St (trunk capacity), E_bar, R_bar",definitions only; values species-specific,mm / - / - / mm / mm h-1 / mm h-1,S per unit canopy-covered area (Sc = S/c in sparse model),"revised/sparse Gash: S_c = S/c, E_c = E/c; interception = f(S, p, pt, St, E/R)","Gash 1979; Gash et al. 1995; as tabulated in Zhang et al. 2006 (Table 2, opened)",10.5194/hess-10-65-2006,full text (Zhang 2006 table),review
tree canopy (class),E/R evaporation-to-rainfall ratio during storm,,-,wet-canopy basis,"value not extracted: Huang: E_c/R is the most sensitive parameter, number not in matrix row 33 (needs PDF table); ",Huang et al. 2017,10.1080/07011784.2017.1375865,full text per matrix (value not captured),
tree canopy (class),E/R evaporation-to-rainfall ratio during storm,,-,wet-canopy basis,"value not extracted: Hassan: abstract states throughfall-based mean wet-canopy evaporation was used, no number in abstract",Hassan et al. 2017,10.1016/j.jhydrol.2017.08.016,abstract (abs),
tree canopy (class),E/R evaporation-to-rainfall ratio during storm,,-,wet-canopy basis,"value not extracted: Llorens: abstract only, not opened",Llorens & Domingo 2007,10.1016/j.jhydrol.2006.10.032,abstract (abs),
Quercus ilex,"annual interception, isolated tree",46-51,% of annual P,tree,evergreen oak; plot-scale 9.5% at 20% cover,Hassan et al. 2017,10.1016/j.jhydrol.2017.08.016,abstract (abs),"Sardon, ES (Mediterranean)"
Quercus pyrenaica,"annual interception, isolated tree",10-16,% of annual P,tree,deciduous oak; plot-scale 2.5%,Hassan et al. 2017,10.1016/j.jhydrol.2017.08.016,abstract (abs),"Sardon, ES (Mediterranean)"
