species,parameter,value_or_range,unit,source,DOI,region,read_level
Platanus x acerifolia,summer_LAI,3.02,m2/m2 (one-sided),"Baptista et al. 2018 (matrix #6); 12 juvenile potted trees 2.7 m, handheld TLS",10.1002/hyp.13255,"Melbourne, AU",full text (repo matrix)
Platanus x acerifolia,LAI_vs_LiDAR_proxy,literature value is above the LiDAR proxy median (lidar_lai_proxy_med in porta_trait_table.csv); not comparable: juvenile potted trees vs mature street trees,,comparison by this note,,,derived
Platanus x acerifolia,leaf_off_LAI,"no value found for the species (Baptista report -90% storage when defoliated, not an LAI); deciduous class value 0.3-0.5 BAI/LAI see class rows",,Baptista 2018 (#6); Moser-Reischl 2025,10.1002/hyp.13255,"Melbourne, AU",full text (repo matrix)
Platanus x acerifolia,transmissivity_or_k,no value found species-specific; method default k = 0.5 (Peng 2026 #53),,methodology.md section 3,10.1007/s10980-026-02324-z,"Shanghai, CN (camphor)",full text (repo matrix)
Platanus x acerifolia,leaf_habit,winter deciduous,,"see databases/traits/phenology_palette.csv (Betevé, Cascante, Mar 2020)",,Barcelona,repo file
Platanus x acerifolia,leaf_out_fall_months,leaf-out sourced (late Feb-Mar); leaf fall = class default ASSUMPTION; see databases/traits/phenology_palette.csv,,"Betevé, Cascante, Mar 2020 via databases/traits/phenology_palette.csv",,Barcelona,repo file
Platanus x acerifolia,wood_porosity,"no value found in accessible sources (InsideWood query returned nothing; TRY request pending, notes/todo_manual.md)",,,,,
Celtis australis,summer_LAI,"no value found (searched: LAI, transmissivity; only C. occidentalis transmissivity in a Hungarian thesis, numbers not read)",,,,,
Celtis australis,LAI_vs_LiDAR_proxy,no literature LAI to compare,,,,,
Celtis australis,leaf_off_LAI,no value found,,,,,
Celtis australis,transmissivity_or_k,no value found species-specific; method default k = 0.5,,methodology.md section 3,,,
Celtis australis,leaf_habit,"winter deciduous; leaf lifespan 7.5 months (see brot_leaf_phenology, brot_leaf_lifespan_months in porta_trait_table.csv)",,"BROT 2.0, Tavsanoglu & Pausas 2018 (repo trait table)",,Mediterranean,repo file
Celtis australis,leaf_out_fall_months,"leaf-out March (Betevé 2020, see databases/traits/phenology_palette.csv); loses all leaves early to mid December in a typical year (Betevé 2023 report; 2023 kept leaves later)",,"Betevé 2023, https://beteve.cat/medi-ambient/arbres-plens-fulles-ambient-primaveral-rebre-hivern-barcelona-2023/",,Barcelona,"search summary 🟡 (press, not peer reviewed)"
Celtis australis,wood_porosity,no value found in accessible sources (a Turkish study of Celtis australis vessel size vs elevation exists; porosity type not stated in the snippet),,,,,
Melia azedarach,summer_LAI,"approx. 1.3 (late dry season) to approx. 3.0 (early wet season), plantation LAI, drought-stressed; sensitivity use only",m2/m2,"Botanical Studies 2017, table 3 (article title not read)",10.1186/s40529-017-0212-8,not verified (plantation),search summary 🟡
Melia azedarach,LAI_vs_LiDAR_proxy,LiDAR proxy median lies inside the plantation range (lidar_lai_proxy_med in porta_trait_table.csv); different setting (plantation vs street),,comparison by this note,,,derived
Melia azedarach,leaf_off_LAI,"no value found (deciduous: class value 0.3-0.5, see class rows)",,,,,
Melia azedarach,transmissivity_or_k,no value found species-specific; method default k = 0.5,,,,,
Melia azedarach,leaf_habit,deciduous,,Pontevedra species sheet via databases/traits/phenology_palette.csv,,"Galicia, ES",repo file
Melia azedarach,leaf_out_fall_months,habit sourced; months = class default ASSUMPTION; see databases/traits/phenology_palette.csv,,via databases/traits/phenology_palette.csv,,,repo file
Melia azedarach,wood_porosity,no value found in accessible sources,,,,,
Pyrus calleryana,summer_LAI,"no value found extracted; Armson et al. 2013 measured LAI per species and relate it to cooling (abstract: Pyrus among the higher-LAI species), numbers need the PDF",,Armson et al. 2013 (matrix #62),10.48044/jauf.2013.021,"Manchester, UK",abstract (abs)
Pyrus calleryana,LAI_vs_LiDAR_proxy,cannot compare until Armson PDF is read,,,,,
Pyrus calleryana,leaf_off_LAI,"no value found; winter (leafless) interception 15% of winter rain for a 9-yr Bradford pear (Xiao et al. 2000, second-hand via Kuehler 2017)",,species_measurements.csv,,"Davis, US",secondary
Pyrus calleryana,transmissivity_or_k,no value found species-specific; method default k = 0.5,,,,,
Pyrus calleryana,leaf_habit,deciduous,,Trees and Shrubs Online (IDS) via databases/traits/phenology_palette.csv,,,repo file
Pyrus calleryana,leaf_out_fall_months,habit sourced; months = class default ASSUMPTION; see databases/traits/phenology_palette.csv,,via databases/traits/phenology_palette.csv,,,repo file
Pyrus calleryana,wood_porosity,no value found in accessible sources,,,,,
Jacaranda mimosifolia,summer_LAI,no value found,,,,,
Jacaranda mimosifolia,LAI_vs_LiDAR_proxy,"no literature LAI; the LiDAR proxy is the highest of the palette (lidar_lai_proxy_med), which is unusual for a fine-leaved compound crown: check the proxy",,comparison by this note,,,derived
Jacaranda mimosifolia,leaf_off_LAI,no value found; habit uncertain (see leaf_habit),,,,,
Jacaranda mimosifolia,transmissivity_or_k,no value found species-specific; method default k = 0.5,,,,,
Jacaranda mimosifolia,leaf_habit,"UNCERTAIN: deciduous with winter rest in Valencia (BBCH 97 mid-December); web tree guides say deciduous in cool climates, semi-deciduous in mild ones",,"Gandia-Ventura et al. 2025, Biology 14(11):1569 via databases/traits/phenology_palette.csv; web guides",DOI not verified,"Valencia, ES",search summary 🟡 for the guides; repo file for Valencia
Jacaranda mimosifolia,leaf_out_fall_months,"leaf fall mid-December, first leaves early April (Valencia, BBCH, 2022-23); see databases/traits/phenology_palette.csv",,Gandia-Ventura et al. 2025 via databases/traits/phenology_palette.csv,DOI not verified,"Valencia, ES",repo file (paper not read here)
Jacaranda mimosifolia,wood_porosity,no value found in accessible sources,,,,,
Tipuana tipu,summer_LAI,no value found,,,,,
Tipuana tipu,LAI_vs_LiDAR_proxy,no literature LAI to compare,,,,,
Tipuana tipu,leaf_off_LAI,"no value found; keeps foliage in winter, so PET is still reduced by up to 2.7 C (a winter cost) vs 15.6 C in summer (modelled)",,Santos Nouri et al. 2018 (matrix #64),10.3390/atmos9010012,"Lisbon, PT",search summary 🟡
Tipuana tipu,transmissivity_or_k,no value found species-specific; method default k = 0.5,,,,,
Tipuana tipu,leaf_habit,UNCERTAIN: semi-deciduous (Santos Nouri 2018; Herbari Virtual del Mediterrani Occidental); a UPC tree guide lists deciduous,,Santos Nouri 2018 via search summary; databases/traits/phenology_palette.csv,10.3390/atmos9010012,Lisbon / Balearics,search summary 🟡
Tipuana tipu,leaf_out_fall_months,leaf drop at the start of spring (Betevé 2020); length of the Mar-Apr drop = ASSUMPTION; see databases/traits/phenology_palette.csv,,"Betevé, Cascante, Mar 2020 via databases/traits/phenology_palette.csv",,Barcelona,repo file
Tipuana tipu,wood_porosity,no value found in accessible sources,,,,,
Brachychiton populneus,summer_LAI,no value found,,,,,
Brachychiton populneus,LAI_vs_LiDAR_proxy,no literature LAI to compare,,,,,
Brachychiton populneus,leaf_off_LAI,not applicable if evergreen (leaf-off = leaf-on); one Canberra standard notes some trees semi-deciduous in early summer,,ACT City Services species sheet,,"Canberra, AU",search summary 🟡
Brachychiton populneus,transmissivity_or_k,no value found species-specific; method default k = 0.5,,,,,
Brachychiton populneus,leaf_habit,evergreen (Zaragoza guide; Emilia-Romagna urban tree sheet); occasionally semi-deciduous in early summer (Canberra),,via databases/traits/phenology_palette.csv; regional tree sheets,,Zaragoza ES; Emilia-Romagna IT,search summary 🟡 for the Emilia-Romagna and Canberra sheets
Brachychiton populneus,leaf_out_fall_months,"no seasonal change (evergreen), all months leaf-on; see databases/traits/phenology_palette.csv",,via databases/traits/phenology_palette.csv,,"Zaragoza, ES",repo file
Brachychiton populneus,wood_porosity,no value found in accessible sources,,,,,
Styphnolobium japonicum,summer_LAI,"2.61 whole canopy; 5.11 central section (the authors' driver); one street tree, Sept-Oct 2018",m2/m2 (TLS),Yang et al. 2019 (matrix #5; listed as Sophora japonica),10.1007/s11355-019-00383-w,"Seoul, KR",full text (repo matrix)
Styphnolobium japonicum,LAI_vs_LiDAR_proxy,"no LiDAR proxy (5 trees in Porta, no crown values in porta_trait_table.csv)",,comparison by this note,,,derived
Styphnolobium japonicum,leaf_off_LAI,no value found,,,,,
Styphnolobium japonicum,transmissivity_or_k,no value found species-specific; method default k = 0.5,,,,,
Styphnolobium japonicum,leaf_habit,"no value found in repo sources (deciduous in general botanical knowledge, not entered here)",,,,,
Styphnolobium japonicum,leaf_out_fall_months,no value found (not in databases/traits/phenology_palette.csv),,,,,
Styphnolobium japonicum,wood_porosity,no value found in accessible sources,,,,,
Citrus x aurantium,summer_LAI,no value found (genus Citrus),,,,,
Citrus x aurantium,LAI_vs_LiDAR_proxy,no literature LAI to compare,,,,,
Citrus x aurantium,leaf_off_LAI,no value found,,,,,
Citrus x aurantium,transmissivity_or_k,no value found; method default k = 0.5,,,,,
Citrus x aurantium,leaf_habit,no value found in repo sources,,,,,
Citrus x aurantium,leaf_out_fall_months,no value found,,,,,
Citrus x aurantium,wood_porosity,no value found in accessible sources (TRY request pending),,,,,
Robinia pseudoacacia,summer_LAI,no value found absolute; relative only: Tilia cordata has 35% higher LAI than Robinia and transpires ~4x more,,Rahman et al. 2020 (matrix #44),10.1016/j.agrformet.2020.107947,not recorded in matrix,abstract (abs)
Robinia pseudoacacia,LAI_vs_LiDAR_proxy,no literature LAI to compare,,,,,
Robinia pseudoacacia,leaf_off_LAI,no value found,,,,,
Robinia pseudoacacia,transmissivity_or_k,no value found; method default k = 0.5,,,,,
Robinia pseudoacacia,leaf_habit,no value found in repo sources,,,,,
Robinia pseudoacacia,leaf_out_fall_months,no value found,,,,,
Robinia pseudoacacia,wood_porosity,no value found in accessible sources (TRY request pending),,,,,
Catalpa bignonioides,summer_LAI,no value found (genus Catalpa),,,,,
Catalpa bignonioides,LAI_vs_LiDAR_proxy,no literature LAI to compare,,,,,
Catalpa bignonioides,leaf_off_LAI,no value found,,,,,
Catalpa bignonioides,transmissivity_or_k,no value found; method default k = 0.5,,,,,
Catalpa bignonioides,leaf_habit,no value found in repo sources,,,,,
Catalpa bignonioides,leaf_out_fall_months,no value found,,,,,
Catalpa bignonioides,wood_porosity,no value found in accessible sources (TRY request pending),,,,,
Grevillea robusta,summer_LAI,no value found (genus Grevillea),,,,,
Grevillea robusta,LAI_vs_LiDAR_proxy,no literature LAI to compare,,,,,
Grevillea robusta,leaf_off_LAI,no value found,,,,,
Grevillea robusta,transmissivity_or_k,no value found; method default k = 0.5,,,,,
Grevillea robusta,leaf_habit,no value found in repo sources,,,,,
Grevillea robusta,leaf_out_fall_months,no value found,,,,,
Grevillea robusta,wood_porosity,no value found in accessible sources (TRY request pending),,,,,
Casuarina cunninghamiana,summer_LAI,no value found (genus Casuarina),,,,,
Casuarina cunninghamiana,LAI_vs_LiDAR_proxy,no literature LAI to compare,,,,,
Casuarina cunninghamiana,leaf_off_LAI,no value found,,,,,
Casuarina cunninghamiana,transmissivity_or_k,no value found; method default k = 0.5,,,,,
Casuarina cunninghamiana,leaf_habit,no value found in repo sources,,,,,
Casuarina cunninghamiana,leaf_out_fall_months,no value found,,,,,
Casuarina cunninghamiana,wood_porosity,no value found in accessible sources (TRY request pending),,,,,
Populus nigra,summer_LAI,no value found (genus Populus),,,,,
Populus nigra,LAI_vs_LiDAR_proxy,no literature LAI to compare,,,,,
Populus nigra,leaf_off_LAI,no value found,,,,,
Populus nigra,transmissivity_or_k,no value found; method default k = 0.5,,,,,
Populus nigra,leaf_habit,no value found (BROT phenology field blank; leaf lifespan 7.37 months in porta_trait_table.csv suggests a deciduous habit but is not a habit label),,BROT 2.0 (repo trait table),,,repo file
Populus nigra,leaf_out_fall_months,no value found,,,,,
Populus nigra,wood_porosity,no value found in accessible sources (TRY request pending),,,,,
CLASS deciduous broadleaf,summer_LAI,"1.98-4.71 (n = 9 species, measured, single trees or juveniles): Platanus 3.02, Ulmus procera 4.71, Betula pendula 2.6, Ginkgo 1.98, Zelkova 3.28, Aesculus turbinata 3.37, Styphnolobium 2.61 (full text); Tilia cordata max 4.7, Gleditsia max 2.4 (abs)",m2/m2,Baptista 2018 (#6); Zabret & Sraj 2019 (#7); Yang 2019 (#5); Moser-Reischl 2025 (#66),10.1002/hyp.13255; 10.1002/clen.201800327; 10.1007/s11355-019-00383-w; 10.1016/j.ufug.2025.128795,Melbourne; Ljubljana; Seoul; Germany,mixed: full text and abstract
CLASS deciduous broadleaf,leaf_off_LAI,"0.8 (Betula pendula, leafless, Ljubljana, full text); 0.5 branch area index in autumn / winter (0.3 in spring; abstract only)",m2/m2,Zabret & Sraj 2019 (#7); Moser-Reischl 2025 (#66),10.1002/clen.201800327; 10.1016/j.ufug.2025.128795,Ljubljana; Germany,mixed: full text and abstract
CLASS all,transmissivity_or_k,"k = 0.5 (Peng 2026, Beer-Lambert on LAI); k range 0.44 (leaf angle 90 deg) to 1 (horizontal leaves) in the original theory; measured crown transmissivity 9.4-30.1% across six trees in a tropical park (species not identified)",dimensionless,"Peng et al. 2026 (#53); Monsi & Saeki 2005 (translation of 1953); Acero et al. 2025 (title only from search, DOI not found)",10.1007/s10980-026-02324-z; 10.1093/aob/mci052,Shanghai; Japan (original); tropical urban park (location not verified),full text for Peng; search summary 🟡 for the others
